r_id,i_id
340443,1
340443,2
340443,3
340443,4
340443,5
96221,6
96221,7
96221,8
96221,9
96221,10
96221,2
96221,11
96221,12
96221,13
96221,14
206653,15
206653,16
206653,17
283556,18
283556,19
283556,20
283556,21
283556,22
283556,23
427792,24
427792,25
427792,8
427792,26
427792,27
427792,28
32690,29
32690,30
32690,31
32690,32
32690,33
32690,34
32690,35
32690,2
32690,36
32690,37
32690,38
32690,39
372146,40
372146,41
372146,42
372146,43
372146,44
105281,45
105281,30
105281,17
105281,46
105281,47
105281,48
105281,49
105281,50
105281,16
105281,51
354422,52
354422,45
354422,53
354422,54
354422,55
160751,56
160751,45
160751,57
160751,58
160751,59
160751,60
160751,61
51096,62
51096,34
51096,2
51096,63
51096,64
51096,29
51096,17
51096,32
51096,65
51096,14
51096,66
51096,67
501762,68
501762,69
501762,70
501762,71
346165,6
346165,72
346165,73
346165,74
346165,75
346165,76
346165,77
201072,78
201072,79
201072,80
201072,81
201072,82
236836,83
236836,45
236836,2
236836,17
236836,84
236836,85
236836,86
236836,87
236836,12
236836,32
276518,88
276518,89
276518,90
276518,14
292495,91
292495,92
292495,93
292495,94
292495,95
292495,96
292495,97
292495,9
292495,98
292495,48
156275,99
156275,17
156275,100
156275,101
156275,102
156275,103
156275,104
156275,93
156275,92
156275,105
156275,9
306834,8
306834,106
306834,16
306834,49
306834,107
306834,105
306834,108
306834,109
306834,35
33190,93
33190,110
33190,111
33190,112
33190,113
33190,114
33190,115
33190,116
33190,72
33190,77
188327,117
188327,17
188327,118
119,119
119,120
119,121
119,122
119,77
295534,123
295534,124
295534,48
295534,75
295534,17
295534,125
295534,126
295534,127
295534,128
295534,129
295534,130
295534,51
295534,119
295534,131
295534,132
295534,133
295534,134
295534,135
295534,136
295534,137
22699,138
22699,118
22699,106
22699,2
22699,17
22699,139
22699,140
423710,141
423710,16
423710,17
423710,142
423710,83
423710,143
423710,140
423710,144
423710,145
25996,146
25996,48
25996,75
25996,147
25996,148
25996,149
25996,150
25996,151
412507,152
412507,34
412507,153
412507,107
412507,17
412507,154
412507,9
412507,155
105840,67
105840,156
105840,157
105840,158
105840,159
105840,12
105840,16
142612,160
142612,12
142612,153
142612,161
142612,35
142612,162
99676,163
99676,140
99676,164
99676,165
99676,92
99676,166
99676,167
99676,98
281901,168
281901,7
281901,169
281901,170
281901,77
230350,171
230350,48
230350,75
230350,127
230350,172
230350,62
230350,173
230350,174
230350,7
230350,175
230350,53
230350,176
230350,177
286967,178
286967,45
286967,31
286967,179
286967,12
286967,180
286967,2
286967,17
286967,181
286967,85
286967,34
286967,14
286967,22
286967,182
366550,40
366550,47
366550,12
366550,183
17857,85
17857,184
17857,17
17857,185
17857,186
17857,187
346900,188
346900,189
346900,190
346900,45
346900,48
346900,75
346900,191
346900,192
346900,17
346900,193
346900,194
346900,195
346900,196
346900,98
346900,197
346900,16
112246,72
112246,47
112246,198
112246,199
112246,200
112246,201
74347,202
74347,118
74347,101
74347,53
74347,203
74347,48
74347,75
74347,204
74347,205
74347,206
74347,207
74347,208
74347,126
74347,62
74347,85
74347,209
286586,119
286586,210
286586,48
286586,184
286586,2
286586,17
286586,140
286586,45
313178,211
313178,212
313178,17
313178,118
313178,213
313178,14
313178,32
313178,214
313178,86
223953,215
223953,216
223953,217
223953,218
223953,67
223953,145
223953,219
195441,220
195441,118
195441,83
195441,85
195441,17
195441,12
195441,34
195441,221
195441,195
195441,222
195441,98
216470,223
216470,12
216470,33
216470,224
216470,47
216470,225
216470,166
216470,226
216470,227
272722,228
272722,195
272722,17
272722,125
272722,8
272722,229
272722,230
272722,231
272722,232
272722,233
272722,234
272722,166
272722,235
272722,220
272722,171
272722,236
272722,237
272722,238
272722,239
272722,240
477504,83
477504,12
477504,241
477504,78
477504,242
477504,243
181109,244
181109,245
181109,246
181109,247
181109,248
181109,249
171838,250
171838,20
171838,251
171838,252
171838,253
171838,254
171838,255
171838,256
20081,257
20081,258
20081,48
20081,49
20081,65
20081,259
20081,260
20081,261
20081,16
20081,262
20081,85
20081,12
20081,143
20081,17
20081,263
318318,35
318318,264
318318,265
318318,266
195090,30
195090,32
195090,153
195090,62
195090,267
195090,92
195090,268
195090,269
122898,270
122898,192
122898,271
122898,272
122898,16
122898,261
234113,273
234113,274
234113,275
146594,22
146594,17
146594,64
146594,45
146594,186
74972,48
74972,276
74972,248
74972,277
74972,278
74972,118
74972,94
74972,12
74972,166
74972,95
74972,261
74972,16
74972,17
74972,98
34438,49
34438,279
34438,280
34438,281
34438,282
34438,62
34438,77
45704,283
45704,45
45704,48
45704,49
45704,206
45704,284
45704,17
45704,285
45704,132
45704,286
45704,104
45704,54
45704,184
284065,251
284065,83
284065,13
284065,244
284065,162
284065,287
284065,182
135940,6
135940,8
135940,288
135940,289
135940,290
135940,51
135940,77
57626,101
57626,291
57626,292
57626,293
57626,92
57626,294
213165,2
213165,83
213165,17
213165,12
213165,85
213165,32
213165,84
213165,295
213165,296
213165,297
196327,298
196327,299
196327,35
196327,300
196327,301
148209,302
148209,303
148209,12
148209,304
148209,305
148209,306
148209,166
148209,307
238197,308
238197,265
238197,309
238197,310
26095,311
26095,3
26095,312
26095,313
26095,16
26095,314
26095,315
26095,148
189112,84
189112,34
189112,316
189112,30
189112,153
189112,33
144911,317
144911,16
144911,3
144911,318
144911,319
144911,320
144911,2
144911,213
144911,321
144911,86
144911,322
144911,323
144911,30
144911,324
406116,12
406116,17
406116,223
406116,325
406116,83
406116,45
406116,264
406116,86
279503,8
279503,48
279503,49
279503,326
279503,276
279503,103
279503,17
279503,195
279503,107
279503,119
279503,327
279503,70
279503,16
279503,328
279503,329
181002,6
181002,330
181002,113
181002,331
181002,75
181002,332
181002,125
181002,304
181002,118
64876,85
64876,316
64876,34
64876,45
64876,333
64876,334
64876,335
219994,336
219994,264
219994,337
219994,265
277366,2
277366,83
277366,32
277366,177
277366,338
277366,339
383671,340
383671,341
383671,175
383671,8
383671,75
383671,342
71310,85
71310,32
71310,45
71310,12
71310,83
71310,2
71310,17
71310,124
292373,343
292373,344
292373,8
292373,6
292373,345
292373,346
292373,93
292373,94
292373,347
292373,348
452439,95
452439,349
452439,45
452439,222
452439,350
452439,133
452439,351
452439,199
452439,148
452439,93
452439,103
452439,48
452439,352
452439,83
360799,68
360799,353
360799,97
360799,221
360799,45
360799,35
360799,157
360799,34
360799,262
360799,17
360799,140
360799,9
360799,354
110628,355
110628,356
110628,29
110628,204
110628,107
110628,17
110628,16
407629,357
407629,2
407629,72
407629,191
407629,358
407629,206
407629,359
407629,119
407629,75
407629,360
407629,361
407629,362
407629,262
407629,363
407629,364
407629,334
196227,365
196227,34
196227,366
196227,353
33608,367
33608,368
33608,119
33608,369
33608,295
33608,370
81172,371
81172,131
81172,372
81172,239
81172,17
81172,140
81172,373
420409,374
420409,30
420409,32
420409,31
420409,17
420409,274
420409,3
420409,14
420409,45
420409,4
62177,375
62177,77
62177,45
62177,376
62177,192
62177,307
62177,377
314974,378
314974,3
314974,48
314974,379
314974,94
314974,16
314974,166
314974,261
314974,34
314974,95
314974,380
314974,17
314974,381
324091,382
324091,75
324091,45
324091,30
324091,17
324091,8
324091,383
324091,384
324091,385
493713,386
493713,387
493713,48
493713,75
493713,388
493713,158
493713,389
493713,390
493713,152
493713,391
493713,392
493713,393
493713,126
493713,171
493713,394
493713,395
493713,396
493713,28
493713,397
223528,45
223528,398
223528,12
223528,34
223528,2
223528,86
223528,30
223528,31
223528,14
223528,399
223528,134
223528,17
223528,211
223528,122
99114,400
99114,35
99114,100
99114,401
99114,112
38469,402
38469,119
38469,331
38469,16
38469,49
38469,403
60397,30
60397,17
60397,125
60397,404
60397,405
60397,119
60397,48
60397,379
60397,406
60397,95
60397,192
151773,407
151773,62
151773,2
151773,83
151773,408
151773,12
151773,148
151773,409
151773,410
151773,45
151773,118
391469,6
391469,411
391469,412
391469,7
391469,203
391469,28
53143,413
53143,12
53143,14
53143,86
53143,311
34791,414
34791,48
34791,415
34791,416
34791,417
34791,2
34791,17
34791,125
34791,105
130391,12
130391,34
130391,30
130391,31
130391,418
130391,32
130391,419
130391,316
130391,420
18851,421
18851,221
18851,17
18851,339
18851,48
18851,49
18851,422
18851,423
18851,424
18851,425
263228,426
263228,94
263228,348
263228,95
263228,427
263228,428
263228,232
263228,54
263228,48
263228,429
263228,49
263228,34
263228,98
396397,47
396397,104
396397,430
396397,431
396397,432
189020,85
189020,17
189020,140
189020,433
189020,296
189020,16
189020,434
189020,435
189020,48
189020,103
189020,436
189020,437
189020,192
189020,32
189020,167
189020,2
189020,383
351941,261
351941,35
351941,95
351941,438
351941,17
351941,439
351941,98
351941,125
351941,75
351941,440
86616,441
86616,45
86616,442
86616,12
86616,2
86616,83
86616,443
86616,16
86616,444
370816,445
370816,446
370816,75
370816,48
370816,447
370816,448
370816,449
370816,450
370816,234
370816,77
370816,451
370816,452
370816,453
434339,454
434339,455
434339,48
434339,118
434339,456
434339,6
434339,77
434339,204
434339,93
12006,237
12006,75
12006,8
12006,457
12006,415
12006,128
411878,34
411878,62
411878,2
411878,86
411878,458
411878,14
411878,459
411878,460
411878,265
351341,461
351341,462
351341,225
351341,162
351341,463
351341,213
351341,464
167048,17
167048,465
167048,171
167048,466
167048,62
167048,75
167048,467
167048,73
167048,379
167048,48
167048,203
167048,30
167048,200
167048,208
167048,127
167048,97
167048,468
167048,343
167048,469
167048,58
167048,470
120600,12
120600,471
120600,166
120600,17
120600,134
120600,45
120600,85
120600,83
120600,2
120600,251
309623,472
309623,473
309623,474
309623,475
309623,17
309623,476
309623,230
309623,477
410954,232
410954,75
410954,354
410954,171
410954,469
410954,45
410954,478
410954,479
410954,51
410954,17
410954,480
410954,125
410954,132
410954,481
265338,482
265338,483
265338,93
265338,83
348492,119
348492,103
348492,48
348492,484
348492,2
348492,436
348492,53
348492,140
348492,485
348492,486
280086,36
280086,487
280086,474
280086,265
280086,488
280086,35
280086,489
280086,490
139973,163
139973,85
139973,118
139973,491
139973,34
139973,94
139973,261
139973,16
139973,304
139973,492
139973,17
139973,295
102291,8
102291,72
102291,104
102291,493
102291,449
102291,434
102291,47
102291,432
47018,6
47018,494
47018,495
47018,496
47018,497
47018,453
47018,434
47018,48
47018,381
47018,498
47018,49
47018,17
47018,102
47018,195
47018,369
216027,1
216027,499
216027,500
216027,2
216027,34
216027,45
216027,12
216027,245
159492,501
159492,62
159492,30
159492,47
159492,12
159492,162
159492,2
159492,166
159492,92
57550,502
57550,503
57550,331
57550,504
57550,133
57550,8
57550,436
89433,505
89433,34
89433,45
89433,153
89433,134
89433,30
89433,29
89433,322
89433,506
89433,32
89433,31
89433,17
89433,507
89433,2
89433,162
311654,8
311654,75
311654,339
311654,508
311654,48
311654,281
311654,208
311654,509
311654,415
311654,54
189954,208
189954,510
189954,329
189954,450
189954,455
189954,511
434847,512
434847,75
434847,295
434847,485
434847,289
434847,8
434847,17
434847,513
434847,514
185012,515
185012,516
185012,517
185012,511
185012,184
185012,326
185012,45
60019,434
60019,518
60019,73
60019,48
60019,8
60019,77
60019,519
8401,520
8401,48
8401,17
8401,140
8401,484
8401,2
8401,95
8401,521
8401,438
8401,48
8401,184
8401,348
8401,417
8401,43
8401,299
8401,93
8401,44
8401,44
8401,326
181282,522
181282,28
181282,125
181282,30
181282,3
181282,62
181282,331
181282,523
181282,172
181282,524
181282,287
181282,105
181282,525
181282,526
395398,527
395398,119
395398,73
395398,528
395398,118
395398,529
395398,48
395398,49
395398,530
395398,196
395398,193
395398,110
395398,17
395398,531
395398,14
395398,532
395398,399
395398,533
395398,35
395398,534
165362,535
165362,176
165362,178
165362,2
165362,45
165362,30
165362,12
165362,17
165362,32
165362,31
4143,278
4143,3
4143,536
4143,16
4143,34
4143,166
4143,537
4143,538
4143,539
4143,381
76215,424
76215,540
76215,541
76215,487
252008,347
252008,239
252008,221
252008,477
252008,328
252008,542
252008,543
252008,72
252008,544
252008,545
228592,508
228592,45
228592,546
228592,48
228592,281
228592,547
228592,100
228592,548
228592,47
228592,92
228592,30
228592,478
228592,549
228592,550
228592,551
55809,552
55809,3
55809,2
55809,553
55809,554
55809,555
55809,556
159913,85
159913,557
159913,12
159913,32
159913,31
159913,17
159913,558
159913,265
159913,2
326446,559
326446,83
326446,560
326446,373
333739,561
333739,562
333739,191
333739,391
333739,563
333739,564
333739,34
333739,17
333739,332
333739,331
333739,565
333739,566
333739,567
333739,568
333739,569
333739,570
333739,571
333739,572
134106,573
134106,574
134106,575
134106,381
134106,237
134106,72
134106,6
134106,511
134106,576
248754,577
248754,578
248754,579
248754,580
248754,581
54180,582
54180,182
54180,264
54180,583
54180,584
169262,585
169262,8
169262,261
169262,35
169262,586
169262,102
169262,331
169262,77
169262,587
169262,588
169262,291
169262,589
169262,289
169262,338
169262,45
455203,30
455203,32
455203,31
455203,307
455203,17
455203,9
455203,45
455203,590
455203,549
456216,591
456216,592
456216,8
456216,593
456216,75
456216,331
456216,594
456216,409
287328,22
287328,584
287328,595
287328,256
287328,47
287328,596
287328,248
162498,171
162498,428
162498,75
162498,597
162498,598
162498,172
162498,599
162498,600
162498,280
162498,601
162498,174
162498,125
162498,53
162498,602
124844,603
124844,12
124844,106
124844,95
124844,48
124844,17
124844,604
124844,75
124844,98
124844,140
124844,240
124844,605
268514,606
268514,16
268514,166
268514,172
268514,104
268514,192
268514,529
268514,607
268514,105
268514,608
268514,34
268514,95
268514,92
392707,609
392707,47
392707,610
392707,611
314797,12
314797,325
314797,16
314797,287
314797,612
261199,613
261199,614
261199,92
237007,615
237007,616
237007,617
237007,16
237007,83
237007,379
237007,562
237007,77
237007,210
2752,83
2752,618
2752,12
2752,17
2752,45
2752,122
2752,619
2752,4
2752,14
2752,65
2752,620
2752,254
259228,3
259228,621
259228,346
259228,6
259228,622
259228,453
259228,220
259228,623
259228,397
259228,477
259228,28
259228,54
73918,188
73918,47
73918,326
73918,48
73918,49
73918,513
73918,221
73918,148
73918,514
73918,77
293044,624
293044,625
293044,334
293044,45
293044,203
293044,17
183542,233
183542,234
183542,626
183542,627
183542,152
183542,350
163527,343
163527,127
163527,628
163527,629
381251,630
381251,631
381251,632
381251,463
381251,10
381251,8
130170,498
130170,17
130170,299
130170,140
130170,93
130170,633
130170,98
107846,634
107846,635
107846,636
107846,206
107846,184
107846,51
107846,17
107846,203
107846,45
107846,83
50539,637
50539,48
50539,119
50539,379
50539,17
50539,140
50539,192
50539,638
50539,16
50539,639
50539,629
50539,369
79778,640
79778,45
79778,376
79778,449
78983,641
78983,48
78983,434
78983,291
78983,642
78983,192
78983,77
303952,75
303952,17
303952,140
303952,51
303952,8
303952,523
303952,95
303952,643
303952,575
303952,644
439037,645
439037,6
439037,193
439037,16
439037,118
439037,646
439037,152
439037,647
439037,48
439037,49
439037,221
439037,110
439037,360
229554,536
229554,35
229554,331
229554,608
229554,8
229554,105
229554,17
229554,125
229554,269
229554,544
229554,648
229554,649
381941,650
381941,3
381941,449
381941,470
326426,540
326426,651
326426,558
7397,85
7397,12
7397,3
7397,2
7397,31
7397,86
7397,17
7397,265
278145,601
278145,652
278145,653
278145,292
278145,92
278145,48
278145,381
278145,45
424323,654
424323,16
424323,655
424323,48
424323,45
424323,656
424323,281
424323,469
424323,657
424323,51
424323,525
106089,343
106089,292
106089,164
106089,658
175629,659
175629,660
175629,17
175629,661
175629,662
23931,663
23931,47
23931,12
23931,2
23931,17
23931,664
301193,471
301193,665
301193,370
301193,558
301193,8
301193,17
301193,606
301193,203
301193,551
301193,436
245863,17
245863,125
245863,14
245863,193
245863,350
245863,666
245863,8
245863,48
245863,49
245863,667
245863,35
245863,391
245863,668
245863,551
41100,669
41100,8
41100,656
41100,49
41100,51
41100,369
96838,670
96838,83
96838,322
96838,18
96838,671
310955,618
310955,16
310955,12
310955,17
310955,672
310955,8
310955,495
310955,48
310955,673
310955,75
310955,126
310955,125
338778,79
338778,674
338778,27
338778,675
338778,676
338778,677
338778,31
338778,32
338778,14
338778,86
338778,678
338778,679
338778,680
338778,34
338778,2
338778,84
338778,681
338778,16
351998,75
351998,48
351998,8
351998,682
351998,16
351998,126
351998,673
351998,683
272613,211
272613,16
272613,684
272613,249
272613,14
242967,30
242967,17
242967,45
242967,186
242967,354
242967,680
242967,304
242967,153
242967,268
234884,47
234884,12
234884,86
234884,685
234884,84
234884,4
234884,253
258518,686
258518,85
258518,32
258518,77
258518,245
258518,118
153122,296
153122,378
153122,17
153122,140
153122,16
153122,687
153122,688
153122,191
153122,12
153122,689
153122,72
123000,690
123000,31
123000,45
123000,12
123000,2
123000,83
123000,85
123000,32
123000,17
123000,14
123000,183
63344,45
63344,691
63344,294
63344,692
63344,449
63344,411
63344,339
329047,330
329047,191
329047,49
329047,262
329047,34
329047,125
329047,17
329047,428
329047,2
329047,118
329047,16
329047,304
329047,261
329047,332
329047,693
329047,119
329047,694
330324,311
330324,695
330324,102
330324,77
330324,339
330324,2
330324,696
330324,328
157226,697
157226,698
157226,48
157226,75
157226,699
157226,700
157226,701
157226,350
157226,702
157226,32
157226,703
157226,704
157226,175
157226,66
157226,705
157226,8
223554,706
223554,707
223554,8
223554,48
223554,708
223554,133
223554,140
223554,709
299417,2
299417,3
299417,710
299417,35
299417,1
299417,711
299417,153
132401,30
132401,32
132401,712
132401,45
132401,713
132401,714
132401,83
132401,2
6995,715
6995,716
6995,221
6995,513
6995,717
6995,428
6995,343
6995,118
391369,718
391369,368
391369,103
391369,269
391369,72
391369,719
391369,720
391369,102
391369,17
391369,203
391369,547
278190,721
278190,18
278190,558
278190,722
425618,102
425618,523
425618,107
425618,125
425618,9
425618,8
425618,723
194268,339
194268,106
194268,105
194268,232
194268,203
194268,171
194268,2
194268,724
332540,725
332540,17
332540,726
332540,83
332540,2
332540,48
332540,727
332540,437
332540,134
332540,125
332540,34
332540,438
332540,728
332540,133
332540,262
332540,439
165947,85
165947,12
165947,45
22482,729
22482,12
22482,4
22482,30
22482,31
22482,730
22482,134
22482,14
22482,45
22482,162
22482,2
198797,45
198797,322
198797,265
198797,2
198797,17
198797,31
198797,85
198797,731
81753,732
81753,540
81753,722
135575,29
135575,30
135575,322
135575,17
135575,31
135575,32
135575,211
135575,733
135575,62
135575,178
135575,418
135575,58
135575,12
92884,118
92884,294
92884,48
92884,49
92884,469
92884,734
92884,735
92884,736
92884,281
92884,83
92884,436
92884,51
452176,2
452176,85
452176,17
452176,16
452176,737
452176,48
452176,2
452176,140
452176,8
43085,118
43085,738
43085,487
43085,739
43085,34
43085,740
43085,741
43085,77
181259,264
181259,742
181259,338
174011,743
174011,8
174011,48
174011,103
174011,208
174011,207
174011,34
174011,58
174011,744
174011,714
257525,84
257525,391
257525,16
257525,86
257525,745
286428,103
286428,48
286428,381
286428,8
286428,746
286428,747
286428,16
286428,168
286428,9
286428,748
286428,140
286428,749
77804,227
77804,45
77804,750
77804,4
77804,166
181982,751
181982,516
181982,2
227825,33
227825,247
227825,752
227825,753
41318,725
41318,48
41318,49
41318,34
41318,348
41318,17
41318,702
41318,94
41318,353
41318,16
41318,95
41318,166
131111,754
131111,755
131111,756
499460,45
499460,2
499460,83
499460,30
499460,12
499460,32
499460,17
499460,501
499460,249
499460,757
499460,758
199537,759
199537,164
199537,577
199537,199
199537,760
199537,364
199537,140
199537,17
92813,761
92813,762
92813,763
92813,764
129779,62
129779,765
129779,766
3212,767
3212,501
3212,30
3212,31
3212,32
3212,17
3212,399
3212,14
3212,65
3212,2
3212,322
3212,768
3212,769
332411,770
332411,131
332411,771
332411,436
332411,501
332411,662
332411,8
332411,166
242485,772
242485,540
242485,773
242485,774
242485,572
270455,775
270455,2
270455,484
270455,9
270455,776
270455,17
270455,140
270455,755
270455,629
14240,606
14240,777
14240,778
14240,77
460247,208
460247,779
460247,780
460247,170
460247,232
460247,140
76133,781
76133,782
76133,783
76133,292
76133,784
76133,45
216100,283
216100,287
216100,105
216100,53
216100,475
216100,785
216100,682
216100,72
216100,51
216100,716
216100,8
29637,573
29637,75
29637,127
29637,405
29637,126
29637,17
29637,12
29637,601
29637,92
29637,47
29637,72
29637,199
185371,786
185371,34
185371,787
185371,788
185371,153
185371,399
185371,134
185371,789
295761,85
295761,12
295761,32
295761,17
295761,3
295761,16
295761,2
98208,746
98208,286
98208,2
98208,45
98208,30
98208,48
98208,790
98208,184
98208,17
98208,125
98208,791
98208,792
98208,793
169041,794
169041,291
169041,119
169041,48
169041,103
169041,75
169041,192
169041,795
169041,796
169041,437
169041,17
169041,140
169041,180
119262,797
119262,45
119262,166
119262,107
119262,708
119262,727
119262,17
119262,125
164149,798
164149,799
164149,540
379733,800
379733,523
379733,125
379733,439
379733,237
379733,17
379733,3
379733,171
379733,525
379733,75
379733,72
379733,295
379733,75
379733,801
379733,802
428713,3
428713,17
428713,98
428713,514
118365,8
118365,166
118365,126
118365,803
118365,804
118365,359
118365,805
118365,806
118365,6
118365,72
118365,170
118365,807
391788,808
391788,8
391788,17
391788,140
391788,48
391788,809
391788,455
391788,2
391788,337
391788,549
82142,188
82142,49
82142,810
82142,8
82142,281
82142,95
82142,811
82142,125
82142,812
82142,17
82142,48
352359,234
352359,628
352359,626
352359,73
352359,220
352359,49
352359,17
352359,140
352359,813
352359,814
352359,815
352359,311
352359,345
171839,816
171839,22
171839,817
171839,712
171839,18
171839,818
46491,819
46491,2
46491,322
46491,27
46491,32
326279,820
326279,3
326279,12
326279,2
326279,85
326279,31
326279,17
326279,307
326279,301
326279,14
326279,817
19586,821
19586,133
19586,165
19586,822
19586,16
516658,823
516658,247
516658,17
516658,824
516658,556
516658,45
352593,2
352593,83
352593,825
352593,280
352593,826
352593,827
265598,373
265598,610
265598,92
265598,347
71517,48
71517,828
71517,33
71517,206
71517,829
71517,830
71517,16
71517,17
71517,140
171456,831
171456,364
171456,832
171456,83
171456,718
296814,833
296814,339
296814,2
296814,834
296814,48
296814,259
296814,6
296814,140
296814,17
296814,369
296814,184
103695,835
103695,48
103695,49
103695,119
103695,103
103695,434
103695,200
103695,77
103695,673
103695,126
103695,45
103695,85
432674,123
432674,17
432674,100
432674,95
432674,836
72379,287
72379,12
72379,643
72379,86
348256,837
348256,838
348256,48
348256,839
238484,62
238484,12
238484,2
238484,162
238484,30
238484,532
238484,17
238484,307
238484,765
238484,83
251821,840
251821,12
251821,14
387293,165
387293,16
387293,95
387293,2
387293,484
387293,133
387293,164
368694,501
368694,828
368694,16
368694,17
368694,841
98330,2
98330,12
98330,162
98330,45
98330,842
98330,843
98330,32
98330,17
98330,501
98330,817
1527,188
1527,48
1527,844
1527,845
1527,49
1527,118
1527,8
1527,446
1527,148
41338,273
41338,83
41338,85
41338,2
41338,102
41338,61
117243,846
117243,83
117243,17
117243,583
117243,12
117243,273
117243,551
117243,45
413116,8
413116,49
413116,237
413116,797
413116,665
413116,682
413116,449
413116,847
413116,701
413116,848
413116,849
413116,359
413116,850
413116,600
413116,295
279585,311
279585,851
279585,45
8432,278
8432,48
8432,339
8432,45
8432,304
8432,16
8432,151
195661,852
195661,853
195661,47
195661,148
195661,480
195661,51
337089,657
337089,854
337089,855
337089,8
337089,232
337089,222
496713,856
496713,11
496713,625
496713,696
496713,857
240036,858
240036,225
37370,859
37370,6
37370,511
37370,7
37370,457
37370,8
37370,77
253715,860
253715,30
253715,213
253715,553
253715,118
253715,335
253715,861
458654,862
458654,455
458654,572
458654,863
458654,864
458654,671
355798,596
355798,2
355798,12
355798,45
355798,792
73929,45
73929,221
73929,865
73929,95
73929,17
73929,9
73929,683
73929,776
73929,187
73929,395
73929,232
17982,802
17982,206
17982,384
17982,73
17982,49
17982,191
17982,689
58329,249
58329,866
58329,867
58329,453
58329,166
58329,3
58329,523
58329,536
58329,868
58329,77
107246,613
107246,339
107246,45
107246,331
107246,869
107246,172
107246,287
107246,870
58250,245
58250,12
58250,2
58250,13
58250,45
58250,871
58250,17
58250,553
58250,4
58250,872
340909,737
340909,48
340909,75
340909,3
340909,164
340909,83
340909,206
340909,94
340909,873
340909,140
307131,249
307131,101
307131,695
307131,477
307131,874
307131,875
307131,171
307131,457
271681,30
271681,32
271681,31
271681,680
271681,3
271681,2
271681,265
381652,876
381652,877
381652,9
381652,776
381652,878
381652,437
381652,133
381652,350
381652,75
381652,83
130723,328
130723,324
130723,166
130723,75
130723,513
130723,220
130723,239
409134,533
409134,34
409134,86
409134,879
409134,880
93914,797
93914,559
93914,45
93914,17
93914,98
93914,140
310932,45
310932,712
310932,12
310932,34
310932,2
310932,86
310932,32
310932,31
310932,85
310932,881
310932,37
310932,39
310932,122
310932,22
310932,817
310932,264
36105,2
36105,769
36105,12
36105,59
36105,162
36105,14
36105,882
36105,883
36105,23
73354,470
73354,234
73354,49
73354,3
73354,12
73354,262
73354,884
73354,191
73354,17
73354,140
73354,885
73354,102
73354,332
73354,886
73354,887
73354,345
40393,30
40393,888
40393,889
40393,32
40393,125
40393,153
40393,17
40393,399
40393,62
40393,274
40393,322
40393,2
40393,890
40393,22
499970,101
499970,453
499970,696
499970,477
499970,222
499970,9
499970,221
499970,776
499970,513
499970,17
431876,429
431876,105
431876,28
431876,125
431876,841
431876,8
466362,3
466362,73
466362,640
466362,637
466362,75
466362,350
466362,295
466362,45
466362,436
466362,77
338863,119
338863,75
338863,512
338863,195
338863,196
338863,151
338863,2
338863,460
338863,118
338863,891
338863,6
338863,220
185735,892
185735,12
185735,33
185735,553
185735,225
185735,893
185735,244
217560,180
217560,639
217560,9
217560,125
217560,145
217560,304
162304,894
162304,895
162304,105
162304,166
162304,75
162304,776
162304,896
162304,50
162304,51
162304,98
57692,897
57692,898
57692,367
57692,8
57692,810
57692,627
57692,77
57692,804
18638,725
18638,609
18638,48
18638,373
18638,350
18638,428
18638,899
234926,3
234926,900
234926,901
234926,902
234926,903
234926,234
234926,101
234926,128
234926,904
234926,905
234926,906
234926,511
234926,73
234926,119
234926,235
49339,365
49339,907
49339,438
49339,2
49339,48
49339,17
49339,908
49339,94
304282,45
304282,34
304282,680
304282,86
304282,2
304282,85
304282,17
304282,32
304282,31
304282,418
304282,458
304282,909
272959,213
272959,910
272959,6
272959,911
272959,640
272959,328
272959,912
272959,28
272959,913
339540,914
339540,915
339540,11
339540,331
339540,916
339540,8
339540,289
339540,716
339540,917
339540,51
162698,918
162698,245
162698,30
162698,316
162698,34
162698,31
162698,17
162698,45
162698,244
162698,501
62954,338
62954,339
62954,73
62954,2
62954,51
62954,919
62954,6
62954,184
62954,206
105734,920
105734,45
105734,51
105734,2
105734,725
105734,48
105734,49
105734,682
105734,126
105734,12
105734,107
105734,286
105734,511
428953,921
428953,922
428953,444
428953,34
428953,14
428953,66
428953,75
428953,17
428953,54
164560,923
164560,612
164560,924
164560,925
164560,255
164560,752
19697,188
19697,926
19697,927
19697,17
19697,140
19697,928
320314,367
320314,48
320314,929
320314,348
320314,12
320314,17
320314,140
256826,930
256826,665
256826,119
256826,103
256826,75
256826,192
256826,748
256826,931
256826,932
256826,8
256826,77
292884,651
292884,933
292884,934
292884,558
373341,458
373341,45
373341,322
373341,2
373341,85
373341,325
373341,31
373341,17
373341,178
373341,935
373341,162
373341,4
373341,182
308858,93
308858,936
308858,891
308858,937
308858,550
308858,367
308858,345
95493,47
95493,665
95493,166
95493,95
95493,133
95493,353
95493,938
95493,436
268329,484
268329,533
268329,939
268329,191
268329,940
268329,2
268329,332
268329,3
268329,941
175035,942
175035,943
175035,536
175035,86
175035,29
175035,211
175035,34
175035,296
175035,35
175035,14
175035,307
64534,944
64534,48
64534,16
64534,945
64534,94
64534,207
64534,105
64534,95
64534,17
64534,140
64534,49
64534,304
140383,946
140383,45
140383,199
140383,75
140383,947
140383,145
140383,17
3576,797
3576,376
3576,95
3576,439
3576,151
3576,369
3576,265
355900,573
355900,948
355900,762
355900,2
355900,108
355900,776
355900,107
355900,140
355900,511
30620,48
30620,8
30620,49
30620,525
30620,949
30620,950
30620,807
30620,951
437488,525
437488,415
437488,597
437488,75
437488,105
437488,171
437488,952
261363,296
261363,529
261363,44
261363,48
261363,6
261363,953
261363,954
261363,955
119914,956
119914,127
119914,51
119914,9
119914,107
119914,17
119914,140
456242,957
456242,427
456242,17
129196,6
129196,48
129196,75
129196,239
129196,12
129196,208
129196,188
129196,422
129196,576
129196,550
129196,453
129196,92
55429,48
55429,45
55429,434
55429,177
55429,30
55429,17
55429,140
55429,2
55429,478
103560,448
103560,276
103560,48
103560,958
103560,959
103560,960
103560,98
103560,12
103560,17
103560,106
103560,126
103560,961
103560,961
182347,958
182347,262
182347,191
182347,436
182347,296
182347,962
182347,694
182347,470
394309,30
394309,17
394309,31
394309,45
394309,34
394309,322
394309,963
394309,2
394309,643
394309,162
394309,244
394309,501
353055,964
353055,119
353055,965
353055,12
353055,697
353055,75
353055,966
353055,967
353055,332
353055,262
353055,968
353055,572
353055,3
353055,969
353055,823
353055,93
353055,970
353055,431
353055,971
62218,101
62218,103
62218,972
62218,72
62218,93
62218,77
95463,3
95463,264
95463,234
95463,973
95463,65
95463,49
95463,680
95463,431
95463,220
95463,587
95463,974
95463,887
336569,117
336569,75
336569,975
336569,478
336569,45
336569,769
336569,53
336569,140
336569,549
152572,45
152572,48
152572,103
152572,119
152572,434
152572,16
152572,83
152572,140
152572,17
152572,85
152572,304
152572,199
152572,98
281817,976
281817,48
281817,75
281817,103
281817,119
281817,808
281817,364
281817,977
281817,85
281817,679
281817,28
281817,344
109501,504
109501,978
109501,979
109501,572
20002,434
20002,262
20002,980
20002,48
20002,75
20002,8
20002,369
20002,683
20002,125
20002,98
81366,128
81366,949
81366,49
81366,289
81366,17
315839,981
315839,982
315839,983
251502,101
251502,984
251502,985
251502,412
251502,8
251502,640
251502,986
251502,294
251502,49
251502,51
251502,92
251502,480
49216,938
49216,987
49216,45
49216,2
49216,72
49216,276
49216,49
49216,17
49216,140
49216,187
49216,245
49216,95
49216,48
49216,103
49216,988
507256,434
507256,103
507256,48
507256,652
507256,16
507256,989
507256,17
507256,140
507256,45
507256,30
507256,83
325109,990
325109,991
325109,2
325109,145
325109,83
325109,992
158103,993
158103,668
158103,994
158103,122
158103,4
158103,14
158103,166
158103,995
356399,45
356399,12
356399,643
356399,85
356399,32
356399,17
356399,596
356399,213
356399,39
180450,45
180450,35
180450,12
180450,2
180450,86
180450,85
180450,32
180450,17
180450,996
180450,553
180450,27
360117,725
360117,75
360117,716
360117,2
360117,997
360117,51
360117,436
360117,998
360117,122
122450,249
122450,999
122450,1000
97694,355
97694,12
97694,16
97694,83
97694,1001
97694,31
97694,17
97694,85
97694,45
97694,1002
97694,15
97694,1003
130883,1004
130883,16
130883,477
130883,35
130883,490
130883,572
130883,1005
100176,1006
100176,546
100176,45
100176,49
100176,85
100176,46
100176,232
100176,222
100176,1007
100176,802
314456,779
314456,48
314456,131
314456,8
314456,702
314456,673
314456,51
318132,1008
318132,337
318132,1009
318132,1010
318132,1011
318132,1012
318132,77
388676,576
388676,184
388676,75
388676,405
388676,1013
388676,44
388676,381
388676,665
388676,8
388676,17
388676,140
263084,1014
263084,451
263084,75
263084,1015
263084,74
263084,1016
263084,682
350097,48
350097,103
350097,119
350097,8
350097,208
350097,565
350097,937
350097,436
283931,2
283931,12
283931,118
283931,1017
283931,14
283931,131
283931,85
283931,17
283931,31
283931,32
352221,1018
352221,1019
352221,376
352221,51
352221,17
352221,140
15709,712
15709,45
15709,30
15709,12
15709,2
15709,83
15709,86
15709,31
15709,464
15709,1020
15709,1021
15709,1022
15709,1023
15709,1024
388386,309
388386,35
388386,39
388386,1025
314653,446
314653,16
314653,1026
314653,48
314653,239
314653,75
314653,17
314653,513
314653,1027
314653,696
51240,712
51240,85
51240,32
51240,17
51240,2
51240,83
169032,45
169032,34
169032,2
169032,1028
169032,14
169032,301
169032,66
169032,17
169032,31
169032,64
169032,29
169032,334
450550,498
450550,1029
450550,299
450550,17
450550,140
70296,249
70296,326
70296,1030
70296,12
463641,1031
463641,985
463641,360
463641,51
463641,1032
463641,1033
463641,511
463641,960
13470,607
13470,242
13470,301
13470,391
13470,954
13470,152
13470,124
13470,307
511000,1034
511000,339
511000,544
511000,1035
511000,1036
511000,448
511000,72
511000,1037
511000,457
511000,75
511000,12
511000,107
511000,17
511000,203
511000,8
358978,142
358978,83
358978,8
358978,77
358978,92
271144,45
271144,12
271144,34
271144,2
271144,162
271144,30
271144,17
271144,32
271144,31
271144,1038
271144,418
271144,817
271144,462
410389,283
410389,1039
410389,245
410389,45
400225,573
400225,2
400225,140
400225,75
400225,811
400225,262
400225,8
400225,48
400225,804
400225,284
400225,67
400225,126
400225,348
400225,1040
400225,34
400225,70
400225,94
400225,444
285302,1041
285302,1042
285302,1043
285302,184
374973,450
374973,48
374973,381
374973,1044
374973,380
374973,262
11660,1045
11660,35
11660,147
11660,49
11660,234
11660,627
11660,439
11660,77
11660,1046
73941,85
73941,45
73941,4
73941,47
73941,182
73941,584
73941,83
73941,1047
73941,820
73941,1048
54078,188
54078,103
54078,93
54078,58
54078,608
54078,17
54078,551
38575,48
38575,1049
38575,496
38575,1050
38575,727
38575,77
432677,265
432677,1051
432677,16
432677,486
432677,249
432677,536
243713,1052
243713,85
243713,2
243713,748
243713,118
394312,1053
394312,12
394312,30
394312,31
394312,153
394312,17
394312,2
394312,3
394312,871
394312,4
394312,33
394312,11
78420,62
78420,13
78420,12
78420,1054
78420,56
78420,59
78420,162
78420,1055
91990,1056
91990,206
91990,72
91990,45
91990,85
91990,46
91990,208
91990,17
91990,125
107885,291
107885,16
107885,119
107885,48
107885,103
107885,1057
107885,192
163457,12
163457,45
163457,153
163457,134
163457,17
163457,943
163457,840
163457,1058
163457,668
163457,269
196795,769
196795,130
196795,337
196795,17
196795,1048
196795,30
196795,426
196795,1059
234832,1060
234832,1061
234832,849
234832,131
234832,1062
234832,477
234832,322
234832,289
564,8
564,166
564,932
564,140
564,1063
564,1064
564,960
357560,85
357560,17
357560,32
357560,14
357560,1065
357560,888
357560,536
357560,2
357560,86
357560,118
357560,34
357560,153
357560,45
357560,182
305602,1066
305602,220
305602,75
305602,296
305602,8
305602,804
305602,77
289697,1067
289697,1068
289697,1069
289697,1070
289697,48
289697,428
289697,9
289697,184
289697,1071
88011,1072
88011,17
88011,83
88011,45
88011,140
330020,30
330020,32
330020,31
330020,232
330020,62
330020,322
330020,2
330020,213
330020,1054
330020,249
330020,871
330020,61
330020,249
524955,1073
524955,48
524955,326
524955,49
524955,221
524955,195
524955,28
524955,354
524955,502
524955,446
524955,1074
524955,1075
524955,239
524955,983
251032,12
251032,1076
251032,247
251032,458
251032,33
160705,136
160705,48
160705,6
160705,75
160705,261
160705,3
160705,17
160705,140
125709,85
125709,476
125709,14
125709,399
125709,31
125709,66
125709,307
125709,45
125709,12
125709,2
125709,1077
180879,1004
180879,111
180879,112
180879,1078
180879,236
180879,1079
180879,225
430379,797
430379,1080
430379,49
430379,208
430379,580
430379,1081
430379,262
430379,1082
430379,239
430379,1083
430379,100
430379,565
81870,1084
81870,1085
81870,612
81870,12
81870,17
60178,357
60178,35
60178,261
60178,1086
60178,166
60178,75
472565,458
472565,45
472565,34
472565,1087
87720,802
87720,166
87720,172
87720,171
87720,49
87720,192
87720,480
87720,17
87720,436
115284,83
115284,1088
115284,31
115284,32
115284,537
115284,1089
115284,12
115284,16
115284,563
115284,296
240139,1090
240139,558
240139,337
240139,248
240139,745
240139,1091
342696,429
342696,1092
342696,17
342696,125
187300,911
187300,966
187300,106
187300,12
187300,16
187300,1093
187300,166
187300,1023
187300,1094
200438,45
200438,264
200438,182
200438,1095
200438,1096
200438,16
200438,1097
126059,371
126059,45
126059,48
126059,2
126059,12
126059,17
126059,125
126059,1050
340957,222
340957,1098
340957,98
340957,865
340957,350
340957,1099
455324,45
455324,83
455324,16
455324,3
455324,176
455324,17
203300,16
203300,1100
203300,1101
203300,1102
203300,1103
313157,781
313157,3
313157,75
313157,48
313157,434
313157,169
313157,77
313157,16
313157,1104
305506,1105
305506,1106
305506,94
305506,34
305506,299
192887,8
192887,48
192887,75
192887,379
192887,77
192887,434
192887,119
192887,208
192887,131
192887,878
192887,304
192887,145
192887,51
198633,48
198633,119
198633,276
198633,6
198633,1107
198633,239
198633,49
198633,657
198633,77
198633,187
198633,513
198633,261
198633,1108
198633,1109
105422,295
105422,166
105422,45
105422,51
105422,7
105422,75
105422,1110
105422,77
105422,475
103223,8
103223,1111
103223,49
103223,16
103223,660
103223,17
103223,72
362871,262
362871,95
362871,460
362871,17
362871,140
362871,192
362871,702
362871,1112
362871,75
362871,119
362871,48
362871,1113
362871,379
362871,504
362871,524
362871,369
288991,8
288991,665
288991,117
288991,119
288991,75
288991,437
288991,796
288991,16
288991,35
288991,307
288991,28
288991,203
90685,573
90685,75
90685,107
90685,204
90685,48
90685,518
90685,17
90685,125
90685,682
90685,405
90685,283
90685,511
90685,51
455161,236
455161,58
455161,558
455161,1114
455161,12
455161,671
161570,375
161570,45
161570,75
161570,124
161570,691
161570,1115
161570,1116
161570,157
161570,222
161570,369
280627,62
280627,12
280627,30
280627,61
280627,13
280627,162
280627,1085
216336,2
216336,680
216336,265
216336,710
216336,383
216336,3
216336,162
216336,30
216336,32
216336,31
216336,17
216336,501
198826,136
198826,171
198826,75
198826,931
198826,1117
198826,54
309774,85
309774,32
309774,31
309774,17
309774,45
309774,680
309774,34
309774,2
309774,86
309774,178
309774,84
309774,22
309774,1118
78678,12
78678,16
78678,355
78678,83
78678,85
78678,2
78678,17
78678,45
78678,1119
78678,1120
78678,122
419500,17
419500,1121
419500,72
419500,1122
176449,1123
176449,299
176449,1124
176449,434
176449,820
176449,1125
176449,1126
158179,669
158179,1127
158179,8
158179,48
158179,75
158179,518
158179,1128
158179,73
158179,206
158179,127
158179,1129
158179,17
158179,140
345969,1130
345969,484
345969,2
345969,51
345969,9
345969,17
345969,140
345969,92
345969,1131
345969,94
345969,34
345969,1132
371475,779
371475,131
371475,1133
371475,206
371475,640
371475,237
371475,381
371475,238
371475,8
371475,412
371475,1134
371475,17
371475,140
276141,725
276141,48
276141,381
276141,790
276141,1135
276141,17
276141,140
276141,510
276141,1136
276141,682
276141,16
276141,184
55609,16
55609,618
55609,34
55609,17
55609,1137
55609,2
68581,48
68581,296
68581,1138
68581,1139
68581,436
68581,1140
68581,17
68581,125
44729,84
44729,12
44729,14
44729,45
44729,85
44729,2
447852,1141
447852,1142
447852,558
447852,248
447852,254
180435,1143
180435,180
180435,1144
180435,295
180435,35
180435,569
7231,360
7231,45
7231,17
7231,140
7231,307
7231,49
7231,289
7231,767
7231,291
319952,601
319952,289
319952,128
319952,75
319952,51
319952,171
379883,1145
379883,1146
379883,1147
379883,572
225843,1148
225843,171
225843,207
225843,75
225843,436
225843,960
225843,192
225843,125
167764,1149
167764,93
167764,7
167764,457
167764,1150
167764,592
167764,118
167764,266
167764,369
167764,960
167764,12
167764,220
167764,103
327418,164
327418,281
327418,1151
327418,49
327418,278
327418,17
327418,140
209470,725
209470,48
209470,119
209470,434
209470,859
209470,126
209470,16
209470,873
209470,49
487053,176
487053,208
487053,903
487053,1152
487053,195
487053,72
487053,6
487053,626
487053,45
487053,210
487053,434
487053,1153
487053,9
487053,17
487053,222
296811,1154
296811,171
296811,1108
296811,470
296811,75
296811,525
296811,1005
296811,6
296811,494
296811,166
296811,151
386788,188
386788,1155
386788,549
386788,339
386788,1156
386788,232
386788,222
386788,8
386788,45
386788,922
386788,208
386788,281
386788,58
386788,105
386788,436
85250,45
85250,85
85250,46
85250,49
85250,134
85250,437
85250,203
85250,51
85250,292
85250,17
186412,955
186412,1157
186412,220
186412,566
186412,370
186412,623
186412,75
186412,2
186412,3
186412,571
186412,1158
186412,567
186412,1159
186412,1160
186412,1161
59771,84
59771,34
59771,85
59771,881
59771,14
59771,307
59771,45
42810,616
42810,1162
42810,1163
42810,1164
42810,72
42810,339
42810,1165
42810,45
277631,166
277631,16
277631,8
277631,107
277631,1166
277631,140
277631,75
277631,1110
277631,354
277631,779
277631,919
277631,854
277631,1167
277631,1168
472715,1169
472715,195
472715,1170
472715,17
472715,8
338766,914
338766,691
338766,1155
338766,45
338766,77
203241,316
203241,337
203241,1171
203241,34
203241,841
396940,1172
396940,45
396940,85
396940,834
396940,1173
396940,975
396940,17
396940,222
396940,354
396940,792
396940,75
396940,436
218735,1174
218735,2
218735,83
218735,232
218735,125
218735,45
218735,296
218735,48
218735,75
218735,949
218735,446
218735,239
203327,581
203327,262
203327,191
203327,480
203327,587
203327,1175
203327,453
203327,119
203327,626
203327,72
203327,1176
295765,236
295765,477
295765,221
295765,133
350764,254
350764,1177
350764,47
350764,596
350764,539
350764,1178
350764,255
181532,48
181532,103
181532,119
181532,75
181532,480
181532,8
181532,208
181532,6
181532,1109
181532,897
181532,406
181532,1179
181532,131
181532,1180
181532,1181
181532,593
181532,51
464015,1066
464015,8
464015,48
464015,75
464015,1182
464015,2
464015,148
464015,184
464015,480
464015,17
464015,140
464015,92
242023,1183
242023,491
242023,490
242023,1184
242023,254
177455,101
177455,1185
177455,1186
177455,682
177455,859
177455,48
177455,239
177455,110
177455,35
177455,105
177455,1187
177455,196
177455,1057
177455,75
177455,1188
120517,572
120517,87
120517,295
120517,457
120517,35
120517,105
120517,98
120517,75
120517,140
120517,17
120517,738
349423,552
349423,45
349423,2
349423,47
349423,1189
349423,166
220696,434
220696,184
220696,92
220696,804
220696,83
220696,575
42125,820
42125,45
42125,48
42125,84
42125,75
42125,110
42125,195
42125,196
42125,350
42125,449
42125,166
42125,369
42125,92
280874,1190
280874,945
280874,73
280874,518
280874,470
280874,75
280874,191
280874,1191
280874,687
280874,449
280874,357
280874,230
280874,17
280874,1192
280874,213
280874,304
280874,145
300575,1193
300575,75
300575,665
300575,8
300575,16
300575,639
300575,9
300575,702
300575,748
300575,694
300575,357
300575,45
11266,49
11266,16
11266,232
11266,607
11266,12
11266,437
11266,1194
11266,192
112341,45
112341,34
112341,2
112341,86
112341,826
112341,460
112341,39
112341,1195
112341,765
112341,83
486196,101
486196,232
486196,27
486196,62
486196,331
486196,594
486196,280
486196,468
486196,187
486196,2
486196,105
486196,222
486196,1196
486196,295
333335,123
333335,296
333335,232
333335,203
333335,148
345993,101
345993,85
345993,295
345993,126
345993,266
345993,41
345993,958
345993,17
345993,125
345993,14
345993,66
345993,1197
345993,1198
370949,536
370949,59
370949,35
370949,105
370949,965
370949,428
370949,1199
370949,30
370949,637
370949,3
370949,331
426424,276
426424,1200
426424,48
426424,492
426424,94
426424,122
426424,730
426424,195
426424,153
426424,125
426424,2
426424,17
426424,350
332561,2
332561,296
332561,35
332561,337
332561,265
332561,1201
332561,501
332561,1202
332561,17
332561,268
332561,12
101533,1203
101533,16
101533,356
101533,459
101533,12
101533,17
101533,62
101533,178
449831,8
449831,75
449831,360
449831,77
288189,1204
288189,85
288189,439
288189,1205
288189,51
288189,125
288189,573
288189,48
288189,131
288189,49
288189,1206
288189,1207
288189,1208
504681,434
504681,48
504681,45
504681,432
504681,100
504681,104
504681,46
504681,2
504681,17
213158,1209
213158,45
213158,47
213158,12
213158,2
213158,86
213158,253
213158,307
19029,2
19029,17
19029,45
19029,553
19029,12
19029,83
19029,333
19029,166
19029,1210
142518,47
142518,299
142518,95
142518,98
142518,184
142518,48
142518,1057
142518,1211
142518,1212
142518,4
234679,30
234679,12
234679,32
234679,17
234679,2
234679,83
234679,3
234679,1213
234679,1214
234679,551
220678,725
220678,136
220678,75
220678,153
220678,17
220678,661
220678,1069
220678,83
220678,2
46541,1215
46541,34
46541,67
46541,211
46541,551
46541,1216
46541,153
99890,2
99890,680
99890,134
99890,162
99890,17
99890,83
99890,1217
406672,434
406672,49
406672,8
406672,92
406672,1218
406672,140
406672,339
406672,72
241957,85
241957,32
241957,17
241957,2
241957,83
241957,223
241957,492
241957,45
325028,283
325028,573
325028,49
325028,108
325028,222
325028,134
325028,187
325028,45
325028,30
325028,83
325028,199
325028,907
367750,446
367750,768
367750,1219
367750,199
367750,72
381307,1220
381307,249
381307,183
381307,1221
381307,457
381307,57
381307,233
381307,34
269850,1222
269850,16
269850,1223
269850,365
269850,184
20409,16
20409,516
20409,656
20409,45
20409,1224
265612,826
265612,83
265612,2
265612,939
265612,72
265612,1225
265612,453
265612,814
265612,804
222608,8
222608,48
222608,119
222608,449
222608,831
222608,1185
222608,364
222608,1019
222608,51
289459,1226
289459,47
289459,1227
409156,338
409156,83
409156,1228
409156,851
98660,1229
98660,33
98660,48
98660,85
98660,17
98660,245
98660,199
98660,484
261493,1230
261493,118
261493,1231
261493,1232
261493,184
261493,919
261493,326
261493,665
261493,92
261493,315
137725,337
137725,12
137725,13
137725,86
137725,1233
137725,1003
137725,1202
137725,1234
407051,6
407051,682
407051,127
407051,1135
407051,8
407051,75
407051,103
407051,119
407051,518
407051,73
407051,503
407051,326
407051,131
407051,665
407051,1235
407051,133
407051,51
407051,7
407051,917
407051,428
36474,1236
36474,1237
36474,322
36474,17
36474,80
36474,280
36474,45
36474,213
113299,1238
113299,264
113299,45
113299,12
113299,34
113299,2
113299,86
113299,85
113299,31
113299,17
61344,328
61344,73
61344,448
61344,470
61344,647
61344,239
61344,74
61344,17
61344,203
263468,62
263468,274
263468,368
263468,476
263468,399
263468,307
263468,153
263468,157
263468,58
263468,841
263468,17
263468,30
263468,31
263468,32
263468,322
263468,643
263468,178
263468,92
263468,213
263468,61
263468,14
110822,601
110822,1239
110822,8
110822,49
110822,436
110822,480
110822,484
139555,1240
139555,291
139555,1241
139555,1242
139555,1243
139555,578
139555,412
46485,422
46485,1244
46485,3
46485,48
46485,75
46485,17
46485,76
18855,45
18855,1245
18855,280
18855,476
18855,399
18855,2
18855,166
18855,85
387561,2
387561,4
387561,45
387561,12
387561,14
387561,325
387561,30
387561,32
387561,504
317646,766
317646,1076
317646,879
317646,14
317646,17
317646,27
317646,86
317646,1246
317646,334
305114,136
305114,8
305114,691
305114,75
305114,2
305114,713
305114,1247
305114,501
305114,195
305114,1248
305114,1249
307990,220
307990,73
307990,6
307990,919
307990,107
307990,1250
307990,369
307990,17
307990,222
307990,157
307990,657
307990,171
307990,431
122073,249
122073,34
122073,287
122073,85
122073,2
122073,118
122073,162
122073,32
122073,14
122073,83
122073,354
122073,1251
122073,27
186379,31
186379,16
186379,63
186379,2
186379,85
186379,712
186379,34
186379,17
186379,14
186379,882
124482,1252
124482,45
124482,12
124482,2
124482,85
124482,1253
124482,58
124482,1254
124482,244
66044,176
66044,620
66044,12
66044,1196
66044,17
66044,796
66044,107
66044,437
66044,1255
66044,8
66044,28
66044,578
66044,1256
66044,1257
73637,291
73637,35
73637,476
73637,105
73637,54
71312,725
71312,313
71312,16
71312,1258
71312,44
71312,480
71312,673
71312,1259
71312,354
203599,1250
203599,6
203599,126
203599,8
203599,75
203599,1124
42336,83
42336,680
42336,536
42336,490
291998,559
291998,1260
291998,12
291998,429
291998,1261
520443,87
520443,487
520443,12
71765,478
71765,1246
71765,391
71765,134
71765,86
71765,333
71765,153
188136,29
188136,1262
188136,31
188136,17
188136,675
188136,619
188136,45
188136,34
188136,2
188136,86
188136,817
146876,508
146876,30
146876,45
146876,1263
146876,593
146876,172
146876,916
146876,1264
130081,12
130081,85
130081,2
130081,1265
130081,817
130081,871
130081,45
130081,1266
60866,45
60866,17
60866,12
60866,368
60866,993
327918,1267
327918,175
327918,716
327918,51
327918,436
327918,171
192496,8
192496,101
192496,48
192496,75
192496,208
192496,1268
192496,17
192496,222
192496,1269
192496,1270
192496,1271
192496,92
383861,1272
383861,47
383861,45
383861,304
383861,225
383861,2
383861,162
383861,1273
384125,840
384125,166
384125,240
384125,411
384125,501
384125,12
384125,45
384125,1274
384125,608
384125,768
384125,1275
384125,1276
384125,17
384125,140
235732,119
235732,103
235732,84
235732,501
235732,122
235732,93
235732,166
235732,1277
83583,1278
83583,16
83583,48
83583,1279
83583,140
83583,438
83583,299
83583,1280
83583,261
83583,841
264257,1281
264257,171
264257,640
264257,75
264257,110
264257,307
264257,656
264257,707
264257,1282
264257,16
264257,4
264257,369
130322,48
130322,1283
130322,2
130322,1284
130322,12
130322,221
130322,1160
130322,1193
71516,518
71516,48
71516,1285
71516,1069
71516,1286
328726,101
328726,1209
328726,45
328726,2
328726,16
328726,17
328726,140
328726,139
210601,1287
210601,1288
210601,1289
210601,1290
210601,477
210601,671
195850,278
195850,3
195850,48
195850,16
195850,1291
195850,353
195850,34
195850,166
195850,95
195850,17
195850,9
195850,350
195850,439
195850,110
174742,211
174742,675
174742,34
174742,17
174742,14
174742,307
174742,45
174742,35
174742,162
224740,1
224740,1292
224740,2
224740,39
224740,34
224740,245
224740,12
224740,45
420294,2
420294,903
420294,62
420294,12
420294,17
420294,86
420294,264
420294,14
420294,31
420294,1262
420294,817
420294,418
420294,1293
420294,752
253492,1294
253492,182
253492,1295
253492,1296
253492,1297
253492,17
326351,2
326351,1003
326351,148
326351,206
326351,48
326351,702
326351,1298
326351,131
326351,17
326351,54
326351,3
326351,1299
326351,931
469773,85
469773,12
469773,33
469773,1300
469773,325
469773,145
469773,178
469773,86
469773,14
469773,17
469773,31
469773,2
469773,83
469773,182
446834,518
446834,725
446834,77
446834,75
446834,1301
446834,7
446834,51
446834,2
446834,484
446834,8
446834,48
446834,1302
173517,118
173517,75
173517,1303
173517,1304
173517,284
173517,48
173517,667
173517,304
173517,688
173517,476
173517,12
173517,140
173517,17
52236,1261
52236,337
52236,1305
52236,1003
349409,328
349409,859
349409,510
349409,738
349409,320
92486,163
92486,1306
92486,1307
92486,1308
92486,16
92486,1309
92486,48
92486,563
92486,301
92486,391
92486,1310
92486,152
92486,221
92486,1311
92486,194
92486,376
92486,266
92486,239
92486,1312
92486,17
387876,338
387876,1313
387876,184
387876,2
387876,83
285345,265
285345,1314
285345,309
342791,87
342791,84
342791,1315
342791,424
342791,207
342791,1316
310146,16
310146,12
310146,304
310146,1317
310146,249
16091,1318
16091,34
16091,16
16091,62
16091,391
228846,1319
228846,45
228846,1320
228846,83
228846,350
228846,2
228846,1321
228846,415
144110,8
144110,48
144110,75
144110,809
144110,85
144110,1282
144110,1179
144110,102
144110,17
144110,54
144110,428
144110,436
247849,459
247849,16
247849,264
247849,1322
46332,667
46332,682
46332,405
46332,1323
46332,221
46332,323
46332,422
46332,195
46332,107
46332,124
46332,203
46332,17
46332,350
46332,12
46332,1324
46332,8
46332,49
46332,665
46332,518
46332,835
46332,30
290170,1044
290170,83
290170,804
290170,439
290170,791
290170,283
290170,1325
290170,1326
225764,573
225764,48
225764,446
225764,313
225764,682
225764,405
225764,1327
225764,221
225764,673
225764,513
225764,9
225764,1328
225764,2
225764,148
225764,919
261192,558
261192,94
261192,34
261192,1329
261192,35
261192,75
261192,68
477471,16
477471,28
477471,163
477471,48
477471,387
477471,1330
477471,391
477471,563
477471,193
477471,208
224978,1039
224978,696
224978,93
224978,44
224978,1331
224978,467
224978,95
356484,1332
356484,1333
356484,230
356484,48
356484,75
356484,1334
356484,1335
356484,124
356484,110
356484,193
356484,1282
356484,1336
356484,1116
356484,1337
356484,626
356484,77
356484,1338
332905,48
332905,119
332905,103
332905,75
332905,654
332905,407
332905,718
332905,44
332905,125
332905,304
332905,1339
23313,85
23313,31
23313,17
23313,14
23313,476
23313,45
23313,12
23313,2
23313,690
23313,83
23313,61
87002,48
87002,49
87002,3
87002,191
87002,17
87002,222
87002,1340
87002,196
87002,195
87002,532
87002,301
87002,193
87002,6
87002,471
87002,16
87002,493
224468,49
224468,8
224468,48
224468,673
224468,35
224468,45
224468,578
224468,1341
224468,1250
224468,511
224468,184
224468,1342
224468,1343
224468,905
327967,2
327967,47
327967,32
327967,1344
327967,506
327967,1345
327967,1346
327967,11
327967,45
373530,87
373530,1289
373530,1141
373530,536
373530,558
175499,492
175499,450
175499,164
175499,1164
175499,1347
175499,379
175499,93
175499,51
175499,48
175499,166
175499,77
175499,187
175499,184
101054,580
101054,128
101054,235
101054,232
101054,203
101054,860
101054,171
101054,49
439320,6
439320,682
439320,1101
439320,48
439320,49
439320,683
439320,702
439320,673
439320,34
439320,126
120403,270
120403,1074
120403,12
120403,665
120403,73
120403,96
120403,17
120403,261
45745,266
45745,106
45745,8
45745,105
45745,166
45745,49
45745,1348
135407,1132
135407,1349
135407,1350
135407,39
135407,1265
135407,225
135407,458
294221,952
294221,367
294221,220
294221,76
294221,525
294221,170
294221,403
294221,608
294221,171
294221,827
294221,77
306910,1351
306910,354
306910,691
306910,562
306910,75
306910,326
306910,700
306910,513
306910,859
306910,654
306910,809
306910,371
306910,151
306910,239
450171,29
450171,30
450171,1352
450171,1353
450171,35
450171,17
450171,8
450171,1354
298499,119
298499,331
298499,191
298499,75
298499,281
298499,208
298499,3
298499,229
298499,203
298499,17
298499,804
11555,1355
11555,262
11555,444
11555,233
11555,1356
11555,49
11555,961
160854,221
160854,513
160854,98
160854,947
160854,34
160854,17
302845,45
302845,12
302845,2
302845,946
302845,533
302845,162
302845,92
302845,83
302845,1357
302845,16
302845,1344
302845,17
302845,213
445900,1358
445900,94
211903,12
211903,223
211903,264
211903,86
211903,1359
211903,887
211903,817
461756,1360
461756,206
461756,357
461756,166
461756,688
461756,65
461756,49
461756,17
448857,30
448857,12
448857,32
448857,3
448857,16
19054,283
19054,296
19054,48
19054,518
19054,103
19054,75
19054,1040
19054,329
19054,1361
19054,221
19054,107
19054,195
19054,125
19054,17
409846,881
409846,30
409846,29
409846,32
409846,14
409846,118
409846,84
409846,1362
409846,501
409846,162
409846,83
409846,1363
487911,1364
487911,67
487911,1365
487911,1366
27315,3
27315,434
27315,48
27315,381
27315,339
27315,77
65115,45
65115,859
65115,12
65115,1367
124349,223
124349,12
124349,309
124349,1368
55303,1369
55303,8
55303,262
55303,157
55303,1370
55303,708
55303,75
55303,673
55303,683
55303,17
55303,140
55303,207
64117,573
64117,762
64117,480
64117,685
64117,511
64117,184
49294,8
49294,1074
49294,640
49294,1069
49294,187
49294,98
49294,77
49294,1371
97902,85
97902,32
97902,31
97902,17
97902,2
97902,213
97902,178
97902,86
97902,33
97902,62
97902,12
24018,501
24018,411
24018,368
24018,17
24018,1372
24018,45
24018,8
24018,35
24018,1373
24018,439
24018,812
24018,54
3852,166
3852,767
3852,394
3852,501
3852,1374
3852,45
3852,12
3852,2
3852,85
3852,32
3852,17
3852,83
112559,501
112559,1375
112559,49
112559,195
112559,196
112559,428
112559,77
112559,645
112559,8
112559,2
129629,47
129629,92
129629,596
59837,1254
59837,45
59837,1376
59837,350
100362,101
100362,48
100362,103
100362,119
100362,49
100362,8
100362,30
100362,204
100362,107
100362,208
100362,682
100362,16
100362,1377
100362,77
422404,326
422404,326
422404,1378
422404,92
422404,1379
186356,840
186356,1380
186356,12
186356,1381
186356,1382
186356,334
227280,620
227280,12
227280,16
227280,17
227280,30
227280,62
66251,459
66251,83
66251,35
66251,84
66251,883
66251,319
3450,1287
3450,1383
3450,1384
3450,979
3450,1385
288861,1054
288861,35
288861,45
428894,797
428894,85
428894,17
428894,222
428894,45
428894,8
428894,48
428894,75
428894,1032
428894,707
428894,449
428894,364
428894,27
428894,369
308162,45
308162,827
308162,34
308162,86
308162,2
308162,826
308162,17
308162,817
308162,1386
73851,725
73851,805
73851,48
73851,6
73851,1232
73851,199
73851,1387
73851,1388
73851,574
204546,365
204546,702
204546,45
204546,1389
204546,1390
204546,16
204546,682
204546,859
426575,711
426575,679
426575,1028
426575,2
426575,34
426575,162
426575,29
426575,31
426575,32
426575,17
23156,449
23156,45
23156,48
23156,656
23156,1008
23156,1264
23156,17
23156,100
23156,51
133202,465
133202,131
133202,1391
133202,119
133202,495
133202,7
133202,51
133202,8
133202,280
133202,166
133202,17
133202,203
72465,2
72465,58
72465,62
72465,17
95335,16
95335,45
95335,17
95335,1392
95335,356
95335,29
95335,501
95335,994
95335,1216
95335,12
95335,1393
13965,8
13965,48
13965,206
13965,1057
13965,125
13965,187
13965,193
13965,1394
13965,1193
13965,1395
13965,16
411154,8
411154,48
411154,725
411154,394
411154,94
411154,153
411154,807
411154,1236
411154,2
411154,92
411154,1396
203339,8
203339,48
203339,75
203339,743
203339,77
203339,75
203339,205
203339,171
203339,1397
203339,1046
203339,140
203339,17
203339,592
203339,1005
203339,1398
423567,1399
423567,312
423567,75
423567,1400
423567,65
423567,1401
423567,1402
423567,471
423567,533
423567,580
423567,626
423567,828
301539,1129
301539,580
301539,1403
301539,1404
301539,849
301539,171
301539,997
301539,1405
385818,3
385818,573
385818,697
385818,48
385818,276
385818,103
385818,17
385818,350
385818,125
385818,49
385818,85
385818,16
385818,72
385818,32
385818,712
385818,2
385818,83
385818,1406
385818,102
385818,436
385818,72
385818,8
385818,187
385818,1407
182857,484
182857,85
182857,98
182857,105
182857,17
182857,140
182857,45
182857,1408
227720,45
227720,903
227720,1409
227720,236
227720,322
227720,168
227720,162
227720,30
227720,32
227720,153
227720,17
227720,383
214849,87
214849,83
214849,1410
392010,1411
392010,903
392010,75
392010,35
392010,17
392010,125
392010,1412
392010,1413
392010,48
392010,171
392010,943
296466,1414
296466,347
370299,188
370299,6
370299,48
370299,237
370299,75
370299,961
370299,195
370299,350
370299,221
370299,311
370299,184
370299,453
409247,12
409247,153
409247,789
409247,11
409247,476
409247,134
409247,1415
409247,2
409247,833
248881,1416
248881,75
248881,1417
248881,758
248881,102
248881,8
248881,1311
248881,1016
168114,85
168114,12
168114,13
168114,31
168114,32
168114,17
168114,2
168114,296
168114,83
168114,86
168114,1418
427892,404
427892,48
427892,2
427892,376
427892,484
427892,369
427892,103
427892,17
427892,100
427892,504
195884,980
195884,220
195884,1419
195884,1191
195884,166
85225,48
85225,45
85225,92
85225,2
85225,125
85225,17
85225,30
85225,32
85225,339
437709,58
437709,1245
437709,810
437709,280
437709,182
239129,980
239129,262
239129,776
239129,17
239129,193
239129,1156
239129,518
239129,6
239129,44
239129,1420
364652,85
364652,83
364652,118
364652,32
364652,17
141638,45
141638,12
141638,2
141638,92
141638,85
141638,31
141638,1344
141638,17
141638,122
359022,1421
359022,31
359022,295
141442,458
141442,16
141442,47
141442,1422
47927,45
47927,85
47927,83
47927,1367
47927,184
47927,6
47927,12
47927,187
47927,100
47927,1423
47927,17
152544,45
152544,1424
152544,827
152544,2
152544,460
152544,32
152544,83
152544,1425
152544,765
152544,1426
408511,1427
408511,157
408511,75
408511,916
408511,279
408511,468
408511,8
408511,105
408511,17
408511,125
408511,1133
104270,994
104270,1428
104270,122
104270,1429
104270,45
104270,1424
104270,903
104270,2
104270,1430
104270,425
104270,1431
104270,460
104270,826
104270,1330
104270,307
104270,14
104270,1432
104270,1433
104270,501
281731,1434
281731,546
281731,48
281731,49
281731,626
281731,912
281731,1435
281731,510
461041,48
461041,206
461041,1436
461041,45
461041,118
461041,85
461041,17
461041,140
461041,83
461041,828
461041,825
344194,1437
344194,8
344194,1438
344194,75
344194,77
344194,12
344194,166
400659,93
400659,8
400659,513
400659,17
400659,776
400659,577
400659,1439
400659,859
400659,919
401426,62
401426,322
401426,2
401426,871
401426,30
401426,32
401426,17
401426,16
144057,1440
144057,164
144057,198
144057,1441
144057,48
144057,434
427220,220
427220,8
427220,285
427220,2
427220,16
427220,1442
427220,291
60465,188
60465,77
60465,9
60465,381
60465,48
60465,103
60465,8
60465,94
60465,1430
60465,157
60465,12
60465,504
61698,339
61698,709
61698,48
61698,119
61698,103
61698,208
61698,617
61698,796
61698,140
61698,1443
412593,365
412593,1444
412593,1445
482200,8
482200,6
482200,484
482200,683
482200,174
482200,75
482200,331
482200,17
482200,140
482200,702
155018,16
155018,17
155018,140
155018,3
155018,1446
248378,1447
248378,261
248378,262
248378,357
248378,75
248378,476
248378,3
248378,1448
248378,208
248378,492
248378,1086
345733,1449
345733,48
345733,1450
345733,513
345733,65
345733,307
345733,1312
345733,17
345733,1451
345733,668
345733,75
345733,171
345733,1452
345733,239
491512,45
491512,12
491512,1453
491512,643
491512,86
491512,1454
491512,85
491512,4
470469,117
470469,83
470469,62
470469,17
470469,140
470469,51
470469,72
470469,2
470469,594
98589,1455
98589,8
98589,1456
98589,1115
98589,77
98589,192
98589,702
98589,562
98589,85
98589,504
98589,449
98589,49
98589,126
98589,546
286105,83
286105,1457
286105,1458
286105,1459
286105,1460
286105,23
286105,1461
286105,14
178976,1462
178976,3
178976,232
178976,262
178976,45
178976,191
178976,195
178976,1463
178976,1464
178976,125
78674,1115
78674,1465
78674,823
78674,48
78674,1466
78674,1467
78674,232
78674,730
78674,203
78674,8
78674,916
78674,1468
201474,1469
201474,725
201474,148
201474,184
201474,85
201474,2
201474,245
201474,372
309110,76
309110,75
309110,512
309110,118
309110,166
309110,941
309110,195
309110,77
309110,1470
27942,83
27942,2
27942,12
27942,86
27942,17
27942,1471
77793,2
77793,12
77793,366
77793,1472
77793,58
77793,307
319537,434
319537,144
319537,783
319537,208
319537,164
319537,206
319537,450
319537,119
319537,379
319537,261
319537,167
319537,140
319537,793
160606,1066
160606,8
160606,133
160606,1348
160606,17
419454,668
419454,16
419454,504
419454,274
419454,279
419454,457
419454,1386
419454,45
419454,17
419454,1473
419454,47
419454,1474
419454,8
419454,54
69894,1339
69894,337
69894,322
69894,168
69894,1475
69894,244
98643,45
98643,61
98643,2
98643,86
98643,30
98643,742
98643,1476
98643,22
98643,888
98643,213
98643,322
98643,1020
98643,1477
423217,45
423217,48
423217,294
423217,17
423217,140
423217,1478
423217,369
35543,820
35543,2
35543,85
35543,17
35543,32
35543,12
35543,16
35543,83
35543,33
35543,304
306871,1479
306871,1480
306871,535
306871,2
306871,854
306871,92
306871,77
306871,1481
62734,1232
62734,448
62734,339
62734,93
62734,140
62734,311
468604,117
468604,8
468604,75
468604,279
468604,77
259438,1480
259438,434
259438,220
259438,72
259438,276
259438,103
259438,1482
259438,105
259438,324
259438,77
259438,132
259438,6
259438,498
198922,244
198922,12
198922,16
198922,17
198922,83
198922,11
198922,86
101949,1483
101949,797
101949,1484
101949,16
101949,1485
101949,73
101949,347
101949,148
101949,354
243845,1486
243845,1487
243845,792
243845,1488
67412,3
67412,2
67412,1489
67412,85
67412,1490
67412,32
67412,39
242377,16
242377,48
242377,12
242377,17
242377,51
242377,9
242377,204
242377,167
242377,140
242377,85
242377,620
242377,8
242377,1491
44516,1492
44516,209
44516,1493
44516,501
44516,49
44516,171
44516,51
211925,145
211925,184
211925,1494
211925,45
211925,49
211925,369
21850,188
21850,85
21850,8
21850,45
21850,208
21850,166
21850,77
21850,295
113383,620
113383,83
113383,680
113383,1495
113383,17
113383,2
113383,57
113383,45
113383,85
113383,27
113383,35
430000,101
430000,33
430000,95
430000,439
430000,1496
94644,601
94644,75
94644,8
94644,1497
94644,208
94644,369
94644,350
431487,1498
431487,236
431487,12
431487,16
431487,45
431487,85
431487,83
431487,32
431487,14
10328,725
10328,142
10328,221
10328,1499
10328,184
10328,72
10328,17
98718,1500
98718,2
98718,828
170766,17
170766,32
170766,153
170766,85
170766,45
170766,12
170766,2
170766,84
230189,265
230189,249
230189,866
230189,1501
230189,558
230189,536
206864,289
206864,7
206864,468
206864,436
206864,75
206864,51
206864,171
206864,28
206864,457
206864,222
206864,188
206864,1502
206864,85
206864,1256
206864,470
206864,655
206864,1503
245752,265
245752,34
245752,45
245752,536
245752,1288
245752,1114
236513,30
236513,334
236513,903
236513,59
236513,45
236513,86
236513,1504
267244,527
267244,171
267244,49
267244,166
267244,17
267244,125
267244,51
267244,804
157658,695
157658,265
157658,83
157658,12
157658,166
157658,14
157658,307
157658,266
157658,17
84086,1505
84086,34
84086,94
84086,444
84086,262
84086,1466
84086,728
62689,1506
62689,152
62689,391
62689,838
62689,48
62689,75
62689,221
62689,195
62689,153
62689,154
62689,510
62689,44
62689,1507
62689,311
62689,486
62689,1232
62689,949
62689,92
62689,1508
62689,314
289128,697
289128,1509
289128,1323
289128,331
289128,304
289128,2
289128,1510
289128,1081
289128,1483
289128,357
289128,77
485158,1511
485158,651
485158,1512
485158,275
240455,698
240455,411
240455,1299
240455,1513
240455,105
240455,220
240455,1232
240455,6
240455,1514
240455,140
300239,33
300239,103
300239,48
300239,9
300239,16
300239,6
300239,51
26551,1120
26551,31
26551,153
26551,399
26551,134
26551,17
26551,45
26551,274
26551,1028
26551,122
219948,296
219948,1515
219948,2
219948,221
219948,17
219948,97
219948,1516
219948,1216
219948,48
219948,931
219948,621
219948,184
219948,44
219948,1517
227112,1518
227112,1519
227112,75
227112,191
227112,357
227112,230
227112,1162
227112,1520
227112,480
300503,1196
300503,14
300503,32
300503,31
300503,242
300503,17
300503,2
300503,274
300503,322
300503,296
300503,871
300503,280
300503,119
237353,1521
237353,45
237353,12
237353,47
237353,225
237353,1396
237353,477
237353,1023
496772,211
496772,85
496772,1522
496772,31
496772,232
496772,62
496772,274
496772,322
496772,2
496772,643
496772,871
496772,418
496772,1523
58783,161
58783,903
58783,102
58783,1370
58783,30
58783,31
58783,153
58783,62
58783,643
58783,18
248712,6
248712,367
248712,72
248712,114
248712,93
248712,17
248712,140
177553,105
177553,262
177553,35
177553,608
177553,75
177553,3
177553,508
177553,694
177553,862
32976,110
32976,195
32976,65
32976,193
32976,187
32976,48
32976,49
32976,645
32976,1524
32976,360
32976,1282
32976,17
32976,949
32976,569
483175,1130
483175,682
483175,12
483175,734
311325,278
311325,518
311325,94
311325,34
311325,48
311325,106
311325,127
311325,327
311325,1191
311325,85
311325,16
311325,1229
311325,199
311325,492
488678,332
488678,262
488678,1525
488678,8
488678,75
488678,101
488678,294
488678,191
488678,34
488678,1340
488678,132
488678,361
488678,72
488678,119
488678,626
35691,170
35691,1526
35691,931
35691,75
35691,279
35691,1527
35691,8
35691,17
35691,140
352436,383
352436,16
352436,1528
352436,1529
352436,745
352436,14
131833,1530
131833,45
131833,2
131833,597
131833,415
131833,369
131833,175
121160,533
121160,248
121160,558
121160,1531
121160,722
121160,1532
121160,1533
121160,1534
76045,93
76045,1370
76045,102
76045,1535
76045,103
76045,898
76045,220
76045,269
76045,1536
283271,142
283271,665
283271,1537
283271,33
283271,17
283271,100
283271,1339
283271,1538
283271,854
283271,324
283271,836
75242,30
75242,31
75242,153
75242,17
75242,134
75242,476
75242,399
75242,45
75242,35
75242,2
75242,86
75242,769
75242,306
75242,22
75242,182
92862,136
92862,170
92862,1539
92862,2
92862,51
92862,102
92862,174
92862,470
92862,118
350369,455
350369,170
350369,289
350369,220
350369,1463
350369,8
21752,434
21752,48
21752,45
21752,1044
21752,83
21752,151
25222,1540
25222,93
25222,92
25222,103
25222,797
25222,1541
25222,345
25222,1542
92123,16
92123,1543
92123,1544
92123,490
92123,745
133909,16
133909,12
133909,1545
133909,295
133909,1291
480706,1546
480706,667
480706,8
480706,1547
480706,133
480706,140
480706,1548
480706,1298
480706,48
480706,119
480706,434
480706,73
480706,206
480706,75
195881,1549
195881,48
195881,639
195881,192
195881,45
195881,296
195881,16
195881,151
21748,101
21748,1044
21748,164
21748,208
21748,17
21748,140
191279,2
191279,85
191279,32
191279,1550
191279,511
191279,72
191279,33
191279,44
253039,1551
253039,78
253039,81
253039,80
253039,537
253039,12
253039,32
253039,439
253039,2
253039,83
253039,1280
253039,712
111111,119
111111,1283
111111,48
111111,49
111111,1399
111111,608
111111,299
111111,262
111111,17
111111,140
385217,1552
385217,6
385217,512
385217,470
385217,171
385217,166
385217,7
385217,1232
78804,1553
78804,1554
78804,1555
78804,1428
78804,122
78804,765
78804,181
78804,1556
78804,1424
99282,1515
99282,48
99282,1557
99282,16
99282,131
99282,184
99282,1002
99282,2
99282,83
99282,140
99282,1558
99282,949
99282,17
314940,387
314940,16
314940,17
314940,45
280880,934
280880,772
280880,1085
280880,23
280880,12
78579,445
78579,1559
78579,30
299075,45
299075,1043
299075,51
299075,107
299075,204
299075,9
299075,1560
201570,1561
201570,1497
201570,1562
201570,8
201570,166
201570,72
201570,626
201570,521
201570,77
162979,695
162979,1563
162979,397
162979,959
162979,73
162979,220
162979,1564
162979,97
162979,17
26993,431
26993,1565
26993,166
26993,49
26993,669
26993,239
26993,72
26993,367
26993,72
242722,540
242722,1566
242722,102
242722,268
138661,1354
138661,355
138661,35
138661,16
138661,8
138661,28
138661,85
138661,1002
138661,405
138661,126
138661,12
138661,204
138661,796
138661,9
138661,385
138661,184
138661,1243
432744,146
432744,171
432744,77
432744,1567
432744,580
432744,1568
432744,8
432744,1569
432744,100
432744,17
432744,49
455703,802
455703,6
455703,72
455703,94
455703,239
455703,961
455703,1570
354055,697
354055,1571
354055,1572
354055,72
354055,397
354055,75
354055,262
354055,17
354055,140
354055,16
354055,296
354055,248
354055,326
354055,97
354055,35
372517,783
372517,640
372517,144
372517,1487
372517,51
456117,1573
456117,1290
456117,540
456117,671
456117,1574
474347,1575
474347,84
474347,34
474347,14
474347,841
474347,85
474347,28
173312,697
173312,142
173312,48
173312,17
173312,222
173312,153
173312,399
173312,730
173312,16
173312,1576
173312,2
173312,98
375863,1577
375863,12
375863,45
375863,2
375863,86
375863,153
375863,134
375863,58
375863,34
375863,30
375863,4
263054,45
263054,48
263054,17
263054,203
263054,49
263054,6
263054,281
263054,174
263054,1578
263054,1579
349011,47
349011,1212
349011,166
349011,48
349011,75
349011,513
349011,501
158430,75
158430,1580
158430,235
158430,311
158430,148
158430,467
251515,34
251515,62
251515,12
251515,2
251515,86
251515,29
251515,31
251515,17
251515,459
251515,817
251515,122
272402,885
272402,48
272402,75
272402,83
272402,1044
272402,1581
272402,6
272402,1323
272402,239
272402,350
272402,148
427612,434
427612,85
427612,32
427612,17
427612,140
427612,83
427612,48
427612,2
427612,92
427612,804
427612,1582
90588,1583
90588,1372
90588,1584
90588,501
90588,1373
90588,1585
90588,1586
90588,296
181754,434
181754,45
181754,17
181754,2
181754,1587
181754,32
181754,177
181754,75
181754,48
181754,566
3250,1588
3250,75
3250,204
3250,107
3250,1490
156050,993
156050,368
156050,256
156050,501
156050,103
156050,1589
156050,1078
156050,1590
156050,93
156050,92
156050,182
261567,118
261567,48
261567,75
261567,370
261567,623
261567,707
261567,938
261567,959
261567,449
261567,262
261567,151
261567,1060
261567,2
355386,1113
355386,6
355386,98
355386,669
355386,699
355386,195
355386,75
355386,295
355386,171
355386,1591
355386,525
355386,1592
420632,29
420632,64
420632,32
420632,17
420632,153
420632,1409
420632,730
420632,399
420632,1593
420632,83
420632,3
420632,690
420632,269
270022,316
270022,83
270022,380
270022,118
270022,265
270022,2
270022,85
270022,32
270022,17
270022,304
270022,841
450539,188
450539,1044
450539,208
450539,591
450539,1594
450539,1595
450539,77
450539,8
450539,16
364317,8
364317,220
364317,503
364317,73
364317,75
364317,1596
364317,468
364317,1282
437695,1285
437695,328
437695,1185
437695,682
437695,127
437695,859
437695,208
437695,640
437695,73
437695,381
437695,379
437695,326
437695,628
437695,49
437695,221
437695,195
437695,107
437695,626
437695,572
437695,8
437695,17
437695,140
104755,976
104755,34
104755,827
104755,2
104755,78
104755,1597
104755,766
430586,462
430586,1598
430586,1519
430586,17
430586,678
430586,1599
430586,477
430586,162
430586,1600
430586,265
457436,262
457436,768
457436,690
457436,476
457436,439
457436,75
457436,404
135662,45
135662,85
135662,17
135662,140
135662,947
135662,83
135662,184
135662,1601
135662,187
62423,1543
62423,16
62423,67
62423,12
62423,671
328222,691
328222,49
328222,1336
328222,8
328222,28
328222,222
328222,134
328222,669
328222,192
328222,337
328222,7
328222,180
408949,395
408949,12
408949,16
408949,153
408949,56
408949,1602
115759,44
115759,206
115759,148
115759,516
115759,245
115759,2
115759,85
193411,45
193411,178
193411,12
193411,31
193411,86
193411,1392
237112,498
237112,93
237112,220
237112,47
237112,92
237112,436
237112,151
237112,1603
237112,1604
237112,1605
177182,12
177182,59
177182,16
177182,213
177182,333
177182,501
339734,29
339734,30
339734,1352
339734,32
339734,1606
339734,178
339734,1607
314744,6
314744,1608
314744,72
314744,626
314744,477
314744,17
287244,1531
287244,1145
287244,200
287244,536
287244,490
287244,53
524791,79
524791,80
524791,1609
524791,1610
524791,322
524791,82
524791,17
524791,62
524791,2
524791,536
158921,1611
158921,12
158921,45
158921,217
158921,255
40555,184
40555,45
40555,30
40555,17
40555,1359
59374,3
59374,48
59374,49
59374,1545
59374,266
59374,1612
59374,196
59374,195
59374,532
59374,399
59374,1613
59374,949
59374,1369
59374,551
59374,194
59374,451
262384,536
262384,1614
262384,67
262384,825
262384,376
262384,87
309493,1615
309493,129
309493,1616
309493,1617
309493,385
309493,1263
309493,51
309493,1172
309493,350
309493,17
309493,54
309493,484
31426,1388
31426,48
31426,647
31426,43
11361,516
11361,118
76127,355
76127,1354
76127,1618
76127,1619
76127,8
76127,16
76127,17
76127,140
76127,204
76127,727
126071,1620
126071,12
126071,2
126071,85
126071,596
126071,32
126071,31
126071,17
126071,501
126071,45
126071,182
126071,86
126071,558
312922,75
312922,102
312922,8
312922,324
312922,439
312922,105
312922,77
312922,1518
312922,95
307559,1621
307559,994
307559,122
307559,16
307559,12
307559,391
307559,166
307559,1622
307559,730
73025,48
73025,1623
73025,805
73025,1324
73025,48
73025,518
73025,34
73025,144
73025,77
392265,1624
392265,48
392265,103
392265,119
392265,131
392265,208
392265,682
392265,1625
392265,17
392265,1626
392265,125
392265,428
392265,683
392265,673
392265,702
392265,369
163923,1357
163923,225
163923,333
163923,213
163923,17
174848,213
174848,827
174848,376
174848,249
174452,285
174452,17
174452,140
174452,1627
174452,85
174452,143
174452,1628
174452,48
174452,119
174452,103
174452,1629
174452,449
174452,434
174452,6
114172,1630
114172,1631
114172,34
114172,14
114172,22
114172,45
62697,1350
62697,817
62697,1368
62697,887
73446,1109
73446,17
73446,166
73446,95
73446,490
73446,103
73446,496
73446,48
400209,91
400209,12
400209,264
400209,83
400209,162
400209,17
400209,338
400209,45
400209,2
118191,1617
118191,1632
118191,75
118191,468
118191,1633
118191,509
118191,171
118191,1579
118191,8
118191,1634
257981,45
257981,1252
257981,12
257981,86
257981,2
257981,85
257981,32
257981,17
257981,47
257981,1252
257981,83
257981,182
257981,162
257981,1178
257981,1635
465942,2
465942,178
465942,31
465942,1002
465942,17
66981,817
66981,1541
66981,1636
66981,45
66981,12
66981,59
218852,536
218852,1082
218852,1191
218852,49
218852,191
218852,357
218852,1351
218852,971
218852,1637
380307,601
380307,8
380307,50
380307,591
380307,72
380307,682
380307,428
380307,17
380307,140
380307,107
380307,1250
180996,171
180996,429
180996,75
180996,307
180996,153
180996,17
180996,1633
160820,8
160820,48
160820,943
160820,125
160820,17
160820,75
160820,200
160820,94
160820,348
160820,34
160820,106
160820,95
160820,195
160820,791
160820,196
160820,153
314433,797
314433,1446
314433,47
314433,148
314433,1638
314433,83
119503,434
119503,2
119503,827
119503,241
119503,295
427773,939
427773,92
427773,93
427773,1348
427773,804
427773,166
427773,125
427773,45
427773,784
427773,1604
171365,367
171365,131
171365,518
171365,1446
171365,849
220685,860
220685,484
220685,369
220685,673
220685,683
220685,17
220685,125
220685,1302
220685,480
220685,8
92812,888
92812,536
92812,8
92812,17
92812,237
92812,49
92812,860
92812,972
92812,73
92812,518
92812,1489
92812,240
344312,27
344312,30
344312,14
344312,17
344312,301
344312,2
344312,16
344312,62
344312,12
344312,1195
157555,93
157555,72
157555,184
157555,339
157555,551
452527,1328
452527,45
452527,12
452527,85
452527,32
452527,86
452527,2
452527,279
452527,430
269766,370
269766,1574
269766,14
58599,118
58599,48
58599,103
58599,381
58599,573
58599,17
58599,140
58599,108
58599,1639
58599,405
58599,667
58599,492
58599,184
30867,16
30867,989
30867,1138
30867,48
30867,546
30867,103
30867,49
30867,167
30867,17
30867,140
30867,304
30867,83
30867,292
30867,93
30867,1640
30867,1497
30867,300
30867,45
31841,1641
31841,274
31841,1642
31841,162
31841,1643
31841,31
31841,32
31841,153
31841,1644
31841,501
41954,2
41954,83
41954,12
41954,86
41954,1645
41954,1621
41954,1428
41954,532
41954,45
41954,841
93542,164
93542,1127
93542,834
93542,165
93542,101
93542,17
93542,140
191114,1574
191114,1646
191114,234
191114,690
191114,470
191114,1647
191114,468
191114,17
191114,730
48373,12
48373,752
48373,4
48373,45
48373,153
48373,134
48373,85
48373,32
48373,31
48373,17
48373,1648
48373,3
48373,2
48373,162
437093,84
437093,487
437093,14
437093,12
34402,225
34402,256
34402,162
34402,17
213017,45
213017,1649
213017,871
213017,12
213017,274
213017,2
213017,85
213017,32
213017,17
213017,22
213017,244
213017,61
192090,45
192090,47
192090,30
192090,1650
192090,184
192090,292
192090,2
192090,93
192090,83
192090,575
192090,546
192090,72
166905,1002
166905,85
166905,17
166905,712
166905,2
166905,145
71283,309
71283,345
71283,122
71283,35
189631,891
189631,2
189631,453
189631,170
189631,151
179315,1651
179315,2
179315,83
179315,1375
179315,460
179315,118
56805,585
56805,309
56805,45
56805,17
56805,887
470406,75
470406,8
470406,1652
470406,195
470406,1653
470406,53
470406,221
319591,102
319591,8
319591,232
319591,203
319591,1654
88536,93
88536,523
88536,262
88536,35
88536,191
88536,17
88536,536
88536,508
88536,1655
88536,87
287957,3
287957,48
287957,381
287957,119
287957,1074
287957,783
287957,75
287957,16
287957,126
287957,1656
287957,702
287957,878
287957,700
287957,807
28341,1657
28341,715
28341,667
28341,200
28341,48
28341,346
166447,1658
166447,103
166447,296
166447,546
166447,72
166447,1545
166447,2
166447,213
166447,357
166447,12
166447,17
166447,1659
9186,30
9186,32
9186,17
9186,45
9186,325
9186,680
9186,2
9186,86
9186,501
9186,83
9186,765
211194,278
211194,301
211194,172
211194,99
211194,192
211194,379
211194,45
211194,84
211194,34
211194,292
379355,1145
379355,1146
379355,572
379355,239
379355,1660
119468,1169
119468,48
119468,1661
119468,8
378252,337
378252,265
378252,162
378252,244
378252,490
490124,119
490124,75
490124,261
490124,140
490124,12
490124,17
490124,118
490124,48
166855,762
166855,47
166855,1243
166855,72
166855,518
166855,511
166855,1662
249592,156
249592,16
249592,12
249592,295
299029,1663
299029,232
299029,203
299029,3
299029,1664
299029,1083
299029,470
299029,75
299029,191
299029,480
299029,707
254820,331
254820,45
254820,688
254820,457
254820,669
254820,105
254820,58
254820,1665
254820,220
254820,771
254820,767
254820,1115
368976,339
368976,48
368976,49
368976,468
368976,1666
368976,1085
368976,70
368976,903
368976,1407
368976,690
368976,1667
368976,125
368976,16
368976,17
3520,30
3520,31
3520,32
3520,17
3520,14
3520,3
3520,2
3520,12
3520,840
3520,22
3520,86
159479,1668
159479,8
159479,339
159479,75
159479,1669
159479,524
159479,126
159479,468
159479,1670
159479,119
159479,62
159479,85
159479,206
84966,1671
84966,544
84966,682
84966,367
84966,804
84966,1672
84966,1673
84966,457
84966,166
84966,12
350448,1530
350448,379
350448,119
350448,48
350448,1634
350448,1163
350448,434
350448,682
350448,504
350448,1674
350448,95
350448,77
350448,192
350448,1675
350448,51
350448,480
150461,350
150461,8
150461,110
150461,48
150461,75
150461,208
150461,126
150461,626
150461,266
150461,849
11805,119
11805,122
11805,157
11805,153
11805,1676
11805,1677
11805,334
66894,1109
66894,261
66894,12
66894,94
66894,75
66894,1678
66894,1015
379727,16
379727,1054
379727,45
379727,2
379727,356
379727,30
379727,12
379727,17
379727,179
379727,1406
379727,10
345913,12
345913,2
345913,333
345913,83
345913,85
345913,32
345913,45
128965,85
128965,12
128965,31
128965,325
128965,17
128965,1679
128965,261
128965,86
128965,145
199283,67
199283,325
199283,85
199283,12
199283,32
199283,17
199283,296
199283,2
199283,86
199283,1344
287026,2
287026,1367
287026,1590
287026,1051
287026,45
287026,322
287026,888
94562,1680
94562,1681
94562,299
94562,35
94562,1682
94562,1232
94562,6
385714,1683
385714,1684
385714,1685
385714,251
166311,117
166311,45
166311,643
166311,17
166311,83
166311,292
166311,436
57593,45
57593,12
57593,274
57593,2
57593,86
57593,85
57593,32
57593,17
57593,323
57593,1686
90762,119
90762,45
90762,16
90762,841
90762,17
90762,203
90762,436
334669,1687
334669,8
334669,279
334669,75
334669,17
334669,140
334669,1688
334669,109
334669,166
334669,105
334669,369
411506,1689
411506,83
411506,12
411506,551
411506,733
254160,8
254160,48
254160,1466
254160,508
254160,232
254160,1690
254160,1691
254160,1692
254160,448
254160,171
475987,337
475987,1693
475987,1694
475987,183
475987,14
475987,27
515569,45
515569,1695
515569,1696
515569,16
515569,17
129960,1532
129960,295
129960,490
129960,1697
129960,1698
124793,33
124793,2
124793,85
124793,83
124793,12
124793,32
124793,17
124793,34
124793,45
124793,14
53812,1699
53812,75
53812,76
53812,191
53812,778
53812,1402
53812,193
53812,449
53812,533
53812,1700
53812,902
53812,1446
53812,565
53812,1005
53812,3
36336,30
36336,12
36336,31
36336,153
36336,17
36336,501
36336,2
36336,296
36336,265
36336,162
36336,1684
290923,620
290923,1354
290923,85
290923,30
290923,193
290923,17
290923,45
290923,2
290923,725
290923,48
290923,140
290923,1284
290923,693
290923,484
290923,16
176856,1701
176856,8
176856,75
176856,279
176856,171
176856,28
176856,203
235104,712
235104,12
235104,2
235104,85
235104,31
235104,17
235104,307
235104,14
235104,265
235104,316
235104,244
206915,434
206915,119
206915,48
206915,381
206915,961
206915,16
206915,1702
206915,75
206915,140
206915,725
206915,546
206915,45
206915,83
206915,30
206915,373
206915,793
112360,1703
112360,3
112360,73
112360,72
112360,407
112360,1186
112360,1650
112360,961
112360,436
112360,513
112360,17
112360,148
112360,1571
112360,453
112360,93
112360,92
112360,444
112360,1057
112360,98
112360,9
112360,48
112360,140
284370,123
284370,48
284370,682
284370,75
284370,110
284370,673
284370,702
284370,523
284370,605
133128,1704
133128,1705
133128,118
133128,119
133128,103
133128,1706
133128,16
133128,369
133128,1707
133128,476
133128,480
73901,338
73901,609
73901,184
73901,294
73901,439
73901,164
73901,381
73901,237
73901,919
73901,83
73901,1708
468700,48
468700,119
468700,379
468700,208
468700,1709
468700,45
468700,139
468700,1710
276188,343
276188,171
276188,49
276188,536
276188,477
276188,239
276188,1711
276188,473
276188,87
276188,17
276188,54
228099,1712
228099,93
228099,49
228099,184
280488,446
280488,148
280488,2
280488,337
280488,961
280488,221
280488,439
280488,8
280488,75
280488,405
280488,195
280488,6
280488,48
280488,1713
144747,950
144747,17
144747,940
144747,332
144747,140
144747,75
144747,230
144747,1714
144747,110
144747,778
144747,262
144747,357
144747,477
144747,12
40045,283
40045,48
40045,45
40045,85
40045,125
40045,237
40045,83
40045,373
40045,6
221021,1715
221021,1378
221021,397
221021,220
221021,508
221021,328
180481,1716
180481,434
180481,1717
180481,339
180481,1232
180481,237
180481,8
180481,457
180481,12
180481,51
180481,72
180481,175
28899,725
28899,48
28899,1718
28899,859
28899,1499
28899,805
28899,1324
28899,9
28899,405
215563,117
215563,28
215563,171
215563,449
215563,62
215563,75
71447,6
71447,1257
71447,128
71447,1719
71447,220
71447,8
71447,457
71447,77
202879,1720
202879,164
202879,1497
202879,177
202879,1721
202879,1722
200993,750
200993,16
200993,118
200993,213
200993,1723
200993,1724
200993,1725
514088,8
514088,1726
514088,175
514088,379
514088,75
514088,665
514088,119
514088,916
514088,192
514088,504
514088,682
514088,669
514088,1727
514088,409
437937,30
437937,32
437937,17
437937,162
437937,12
437937,1728
437937,2
437937,322
437937,45
437937,643
437937,58
437937,1729
437937,304
437937,213
93834,123
93834,45
93834,48
93834,49
93834,85
93834,208
93834,2
93834,916
93834,17
93834,140
93834,364
93834,471
93834,307
93834,178
93834,1730
93834,64
93834,712
93834,186
93834,457
93834,2
197896,1731
197896,17
197896,100
197896,125
197896,350
197896,776
197896,107
197896,437
197896,683
197896,192
197896,48
197896,72
197896,1057
197896,73
197896,961
197896,49
197896,45
197896,208
197896,1516
197896,2
320658,2
320658,762
320658,988
320658,1156
320658,725
320658,385
245503,891
245503,578
245503,1241
245503,927
335368,3
335368,48
335368,75
335368,191
335368,16
335368,1510
335368,221
335368,309
335368,193
335368,34
335368,430
335368,1303
60740,9
60740,437
60740,222
60740,17
60740,109
60740,475
60740,1057
60740,1732
60740,8
67681,381
67681,48
67681,1211
67681,93
67681,23
67681,326
67681,184
67681,95
175490,943
175490,1733
175490,1472
175490,4
418328,278
418328,241
418328,17
418328,350
418328,125
418328,2
418328,16
418328,48
418328,75
418328,539
418328,105
418328,262
418328,436
418328,8
213637,1070
213637,805
213637,1067
213637,715
213637,1734
213637,299
213637,94
213637,523
213637,77
244233,8
244233,48
244233,958
244233,381
244233,683
244233,673
244233,192
244233,17
244233,447
244233,1735
244233,126
244233,682
244233,54
244233,131
244233,1244
244233,1267
244233,237
244233,238
244233,1128
244233,810
244233,523
244233,75
244233,548
244233,1736
244233,50
244233,1737
244233,307
244233,2
244233,51
20936,339
20936,434
20936,2
20936,83
20936,140
20936,17
20936,51
20936,72
20936,7
20936,510
311570,1587
311570,1426
311570,827
311570,1738
311570,337
311570,1424
311570,551
324504,8
324504,49
324504,48
324504,518
324504,294
324504,580
324504,1739
324504,350
324504,480
324504,1156
324504,127
324504,51
324504,601
101117,536
101117,1144
101117,540
101117,1740
224966,220
224966,6
224966,623
224966,75
224966,903
224966,457
224966,175
43060,283
43060,641
43060,1741
43060,645
43060,1742
43060,1156
43060,1127
43060,1601
43060,1743
43060,1105
43060,16
169196,1744
169196,1745
169196,166
169196,45
169196,98
169196,17
169196,34
169196,140
169196,708
169196,134
169196,350
380885,878
380885,877
380885,9
380885,1746
380885,1613
380885,196
380885,195
380885,532
380885,476
380885,125
380885,399
380885,153
380885,134
380885,776
380885,107
380885,437
380885,98
380885,439
380885,221
380885,187
380885,513
380885,708
380885,997
380885,796
380885,727
334233,784
334233,781
334233,292
334233,93
334233,348
334233,417
334233,95
334233,1747
263974,508
263974,1748
263974,1749
263974,16
263974,1750
263974,1751
12493,8
12493,457
12493,34
12493,105
12493,1752
12493,436
12493,77
58035,8
58035,48
58035,727
58035,522
58035,232
58035,203
58035,608
58035,525
138246,1446
138246,16
138246,429
138246,12
138246,17
138246,93
138246,92
294539,48
294539,6
294539,239
294539,221
294539,184
294539,2
294539,1753
294539,83
294539,12
294539,484
294539,133
294539,140
292633,1754
292633,1755
292633,1756
292633,1236
292633,665
292633,75
292633,45
292633,8
292633,92
292633,748
292633,125
292633,702
181530,283
181530,48
181530,1757
181530,45
181530,51
181530,77
181530,405
181530,2
181530,16
181530,83
181530,304
181530,14
103369,12
103369,45
103369,712
103369,2
103369,85
103369,1344
103369,31
103369,14
103369,17
103369,1758
258735,17
258735,222
258735,475
258735,9
258735,221
258735,1759
429558,1760
429558,1761
429558,1762
27752,566
27752,8
27752,131
27752,289
27752,87
27752,104
27752,17
27752,140
501588,45
501588,61
501588,2
501588,86
501588,30
501588,31
501588,1344
501588,17
133851,78
133851,29
133851,32
133851,17
133851,1763
133851,35
133851,118
133851,487
133851,162
133851,1764
133851,501
72056,2
72056,213
72056,506
72056,333
72056,85
72056,32
72056,31
72056,17
72056,269
72056,27
98353,48
98353,712
98353,448
98353,1323
98353,17
98353,43
98353,961
189023,3
189023,446
189023,1765
189023,47
189023,92
189023,17
189023,140
189023,195
189023,718
189023,148
189023,199
189023,72
189023,1232
189023,949
189023,919
152992,89
152992,12
152992,16
152992,280
152992,304
152992,333
152992,1472
115200,1666
115200,16
115200,188
115200,100
115200,72
115200,1462
13455,712
13455,45
13455,2
13455,12
13455,85
13455,32
13455,14
13455,1766
13455,27
13455,643
13455,16
300831,241
300831,12
300831,17
300831,14
300831,2
300831,213
300831,817
120975,62
120975,12
120975,86
120975,2
120975,85
120975,17
120975,31
120975,1344
120975,14
245656,93
245656,105
245656,75
245656,35
245656,140
245656,17
309839,504
309839,457
309839,105
309839,1767
309839,3
419218,169
419218,1109
419218,7
419218,11
419218,45
419218,17
419218,140
419218,51
100865,1768
100865,8
100865,77
100865,49
100865,415
100865,262
100865,449
100865,58
100865,166
100315,84
100315,166
100315,14
100315,307
100315,65
100315,12
100315,34
100315,1030
100315,45
427669,689
427669,191
427669,797
427669,1769
427669,232
427669,492
144688,45
144688,10
144688,48
144688,95
144688,1276
144688,1770
144688,652
144688,292
38915,1771
38915,1772
38915,149
38915,51
38915,1156
38915,9
38915,350
38915,1434
38915,53
193999,1472
193999,1773
193999,1774
193999,1162
193999,2
193999,12
193999,83
193999,58
456545,1775
456545,381
456545,580
456545,1574
456545,48
456545,16
456545,444
456545,17
456545,110
456545,193
456545,98
456545,140
456545,828
456545,1776
226752,1777
226752,107
226752,17
226752,140
226752,508
226752,9
226752,8
226752,127
226752,1778
457547,16
457547,17
457547,1437
457547,339
457547,220
457547,45
457547,523
457547,34
457547,269
457547,203
147265,188
147265,198
147265,2
147265,184
147265,9
147265,428
147265,45
147265,85
147265,339
147265,48
147265,17
147265,140
147265,484
58603,2
58603,12
58603,86
58603,85
58603,32
58603,17
58603,337
58603,33
470630,11
470630,1054
470630,12
470630,2
470630,643
470630,1779
470630,17
470630,1780
470630,34
470630,4
470630,45
470630,58
470630,1781
470630,83
470630,304
28851,131
28851,48
28851,45
28851,2
28851,17
28851,140
28851,199
28851,85
28851,31
28851,32
269234,30
269234,13
269234,32
269234,31
269234,17
269234,12
269234,1679
269234,2
269234,1054
269234,162
269234,67
9237,2
9237,83
9237,12
9237,45
9237,1424
9237,122
9237,134
9237,1193
52594,131
52594,273
52594,48
52594,83
52594,245
52594,2
52594,643
52594,51
52594,17
52594,100
52594,73
52594,820
52594,34
52594,65
52594,405
52594,77
139717,1116
139717,166
139717,98
139717,140
140632,1782
140632,1783
140632,12
140632,490
140632,58
108760,119
108760,1715
108760,122
108760,29
108760,1196
108760,153
108760,32
108760,31
108760,307
108760,17
108760,2
108760,178
108760,1784
108760,34
108760,296
108760,1785
108760,536
108760,182
299710,171
299710,75
299710,1786
299710,682
299710,329
299710,1787
299710,1788
299710,828
299710,1789
453589,1082
453589,332
453589,16
453589,12
453589,572
453589,49
453589,1790
91786,30
91786,459
91786,34
91786,32
91786,17
91786,45
91786,2
91786,83
91786,921
91786,1791
91786,1792
91786,322
91786,14
154157,1793
154157,1794
154157,251
154157,1795
308248,453
308248,234
308248,626
308248,220
308248,17
308248,140
308248,431
112151,8
112151,1060
112151,77
112151,213
112151,704
251590,665
251590,434
251590,546
251590,865
251590,232
251590,203
251590,9
251590,1661
251590,45
251590,1269
315361,30
315361,32
315361,17
315361,45
315361,680
315361,34
315361,86
315361,2
315361,1350
315361,817
315361,22
54624,1796
54624,45
54624,12
54624,2
54624,333
54624,85
54624,17
54624,1023
54624,1797
54624,1798
54624,56
52859,34
52859,122
52859,729
52859,14
52859,45
516315,343
516315,1799
516315,436
516315,206
516315,1256
516315,511
516315,281
118750,30
118750,17
118750,153
118750,4
118750,62
118750,61
118750,274
118750,2
81209,101
81209,125
81209,1800
81209,1801
81209,1191
81209,304
81209,357
81209,16
81209,230
81209,1308
81209,1545
81209,49
81209,48
81209,546
81209,1755
81209,17
